survey_id,variable,metric,value,weighted
MEX_2025_ENOE_V01_M_V07_A_GLD_ALL,year,missing_share,0.0,no
MEX_2025_ENOE_V01_M_V07_A_GLD_ALL,year,non_missing_n,408099.0,no
MEX_2025_ENOE_V01_M_V07_A_GLD_ALL,year,zero_share,0.0,no
MEX_2025_ENOE_V01_M_V07_A_GLD_ALL,year,mean,2025.0,no
MEX_2025_ENOE_V01_M_V07_A_GLD_ALL,year,sd,0.0,no
MEX_2025_ENOE_V01_M_V07_A_GLD_ALL,year,max,2025.0,no
MEX_2025_ENOE_V01_M_V07_A_GLD_ALL,year,min,2025.0,no
MEX_2025_ENOE_V01_M_V07_A_GLD_ALL,year,num,408099.0,no
MEX_2025_ENOE_V01_M_V07_A_GLD_ALL,year,skewness,0.0,no
MEX_2025_ENOE_V01_M_V07_A_GLD_ALL,year,kurtosis,0.0,no
MEX_2025_ENOE_V01_M_V07_A_GLD_ALL,year,p01,2025.0,no
MEX_2025_ENOE_V01_M_V07_A_GLD_ALL,year,p05,2025.0,no
MEX_2025_ENOE_V01_M_V07_A_GLD_ALL,year,p10,2025.0,no
MEX_2025_ENOE_V01_M_V07_A_GLD_ALL,year,p25,2025.0,no
MEX_2025_ENOE_V01_M_V07_A_GLD_ALL,year,p50,2025.0,no
MEX_2025_ENOE_V01_M_V07_A_GLD_ALL,year,p75,2025.0,no
MEX_2025_ENOE_V01_M_V07_A_GLD_ALL,year,p90,2025.0,no
MEX_2025_ENOE_V01_M_V07_A_GLD_ALL,year,p95,2025.0,no
MEX_2025_ENOE_V01_M_V07_A_GLD_ALL,year,p99,2025.0,no
MEX_2025_ENOE_V01_M_V07_A_GLD_ALL,year,missing_share_w,0.0,yes
MEX_2025_ENOE_V01_M_V07_A_GLD_ALL,year,zero_share_w,0.0,yes
MEX_2025_ENOE_V01_M_V07_A_GLD_ALL,year,mean_w,2025.0,yes
MEX_2025_ENOE_V01_M_V07_A_GLD_ALL,year,sd_w,0.0,yes
MEX_2025_ENOE_V01_M_V07_A_GLD_ALL,year,p01_w,2025.0,yes
MEX_2025_ENOE_V01_M_V07_A_GLD_ALL,year,p05_w,2025.0,yes
MEX_2025_ENOE_V01_M_V07_A_GLD_ALL,year,p10_w,2025.0,yes
MEX_2025_ENOE_V01_M_V07_A_GLD_ALL,year,p25_w,2025.0,yes
MEX_2025_ENOE_V01_M_V07_A_GLD_ALL,year,p50_w,2025.0,yes
MEX_2025_ENOE_V01_M_V07_A_GLD_ALL,year,p75_w,2025.0,yes
MEX_2025_ENOE_V01_M_V07_A_GLD_ALL,year,p90_w,2025.0,yes
MEX_2025_ENOE_V01_M_V07_A_GLD_ALL,year,p95_w,2025.0,yes
MEX_2025_ENOE_V01_M_V07_A_GLD_ALL,year,p99_w,2025.0,yes
MEX_2025_ENOE_V01_M_V07_A_GLD_ALL,int_year,missing_share,0.0,no
MEX_2025_ENOE_V01_M_V07_A_GLD_ALL,int_year,non_missing_n,408099.0,no
MEX_2025_ENOE_V01_M_V07_A_GLD_ALL,int_year,zero_share,0.0,no
MEX_2025_ENOE_V01_M_V07_A_GLD_ALL,int_year,mean,2025.0,no
MEX_2025_ENOE_V01_M_V07_A_GLD_ALL,int_year,sd,0.0,no
MEX_2025_ENOE_V01_M_V07_A_GLD_ALL,int_year,max,2025.0,no
MEX_2025_ENOE_V01_M_V07_A_GLD_ALL,int_year,min,2025.0,no
MEX_2025_ENOE_V01_M_V07_A_GLD_ALL,int_year,num,408099.0,no
MEX_2025_ENOE_V01_M_V07_A_GLD_ALL,int_year,skewness,0.0,no
MEX_2025_ENOE_V01_M_V07_A_GLD_ALL,int_year,kurtosis,0.0,no
MEX_2025_ENOE_V01_M_V07_A_GLD_ALL,int_year,p01,2025.0,no
MEX_2025_ENOE_V01_M_V07_A_GLD_ALL,int_year,p05,2025.0,no
MEX_2025_ENOE_V01_M_V07_A_GLD_ALL,int_year,p10,2025.0,no
MEX_2025_ENOE_V01_M_V07_A_GLD_ALL,int_year,p25,2025.0,no
MEX_2025_ENOE_V01_M_V07_A_GLD_ALL,int_year,p50,2025.0,no
MEX_2025_ENOE_V01_M_V07_A_GLD_ALL,int_year,p75,2025.0,no
MEX_2025_ENOE_V01_M_V07_A_GLD_ALL,int_year,p90,2025.0,no
MEX_2025_ENOE_V01_M_V07_A_GLD_ALL,int_year,p95,2025.0,no
MEX_2025_ENOE_V01_M_V07_A_GLD_ALL,int_year,p99,2025.0,no
MEX_2025_ENOE_V01_M_V07_A_GLD_ALL,int_year,missing_share_w,0.0,yes
MEX_2025_ENOE_V01_M_V07_A_GLD_ALL,int_year,zero_share_w,0.0,yes
MEX_2025_ENOE_V01_M_V07_A_GLD_ALL,int_year,mean_w,2025.0,yes
MEX_2025_ENOE_V01_M_V07_A_GLD_ALL,int_year,sd_w,0.0,yes
MEX_2025_ENOE_V01_M_V07_A_GLD_ALL,int_year,p01_w,2025.0,yes
MEX_2025_ENOE_V01_M_V07_A_GLD_ALL,int_year,p05_w,2025.0,yes
MEX_2025_ENOE_V01_M_V07_A_GLD_ALL,int_year,p10_w,2025.0,yes
MEX_2025_ENOE_V01_M_V07_A_GLD_ALL,int_year,p25_w,2025.0,yes
MEX_2025_ENOE_V01_M_V07_A_GLD_ALL,int_year,p50_w,2025.0,yes
MEX_2025_ENOE_V01_M_V07_A_GLD_ALL,int_year,p75_w,2025.0,yes
MEX_2025_ENOE_V01_M_V07_A_GLD_ALL,int_year,p90_w,2025.0,yes
MEX_2025_ENOE_V01_M_V07_A_GLD_ALL,int_year,p95_w,2025.0,yes
MEX_2025_ENOE_V01_M_V07_A_GLD_ALL,int_year,p99_w,2025.0,yes
MEX_2025_ENOE_V01_M_V07_A_GLD_ALL,int_month,missing_share,0.0,no
MEX_2025_ENOE_V01_M_V07_A_GLD_ALL,int_month,non_missing_n,408099.0,no
MEX_2025_ENOE_V01_M_V07_A_GLD_ALL,int_month,zero_share,0.0,no
MEX_2025_ENOE_V01_M_V07_A_GLD_ALL,int_month,mean,10.903761097184752,no
MEX_2025_ENOE_V01_M_V07_A_GLD_ALL,int_month,sd,0.9171123556998892,no
MEX_2025_ENOE_V01_M_V07_A_GLD_ALL,int_month,max,12.0,no
MEX_2025_ENOE_V01_M_V07_A_GLD_ALL,int_month,min,1.0,no
MEX_2025_ENOE_V01_M_V07_A_GLD_ALL,int_month,num,408099.0,no
MEX_2025_ENOE_V01_M_V07_A_GLD_ALL,int_month,skewness,-0.9341889189365087,no
MEX_2025_ENOE_V01_M_V07_A_GLD_ALL,int_month,kurtosis,7.604900572032291,no
MEX_2025_ENOE_V01_M_V07_A_GLD_ALL,int_month,p01,9.0,no
MEX_2025_ENOE_V01_M_V07_A_GLD_ALL,int_month,p05,10.0,no
MEX_2025_ENOE_V01_M_V07_A_GLD_ALL,int_month,p10,10.0,no
MEX_2025_ENOE_V01_M_V07_A_GLD_ALL,int_month,p25,10.0,no
MEX_2025_ENOE_V01_M_V07_A_GLD_ALL,int_month,p50,11.0,no
MEX_2025_ENOE_V01_M_V07_A_GLD_ALL,int_month,p75,12.0,no
MEX_2025_ENOE_V01_M_V07_A_GLD_ALL,int_month,p90,12.0,no
MEX_2025_ENOE_V01_M_V07_A_GLD_ALL,int_month,p95,12.0,no
MEX_2025_ENOE_V01_M_V07_A_GLD_ALL,int_month,p99,12.0,no
MEX_2025_ENOE_V01_M_V07_A_GLD_ALL,int_month,missing_share_w,0.0,yes
MEX_2025_ENOE_V01_M_V07_A_GLD_ALL,int_month,zero_share_w,0.0,yes
MEX_2025_ENOE_V01_M_V07_A_GLD_ALL,int_month,mean_w,10.9144665372073,yes
MEX_2025_ENOE_V01_M_V07_A_GLD_ALL,int_month,sd_w,0.9301777680604701,yes
MEX_2025_ENOE_V01_M_V07_A_GLD_ALL,int_month,p01_w,9.0,yes
MEX_2025_ENOE_V01_M_V07_A_GLD_ALL,int_month,p05_w,10.0,yes
MEX_2025_ENOE_V01_M_V07_A_GLD_ALL,int_month,p10_w,10.0,yes
MEX_2025_ENOE_V01_M_V07_A_GLD_ALL,int_month,p25_w,10.0,yes
MEX_2025_ENOE_V01_M_V07_A_GLD_ALL,int_month,p50_w,11.0,yes
MEX_2025_ENOE_V01_M_V07_A_GLD_ALL,int_month,p75_w,12.0,yes
MEX_2025_ENOE_V01_M_V07_A_GLD_ALL,int_month,p90_w,12.0,yes
MEX_2025_ENOE_V01_M_V07_A_GLD_ALL,int_month,p95_w,12.0,yes
MEX_2025_ENOE_V01_M_V07_A_GLD_ALL,int_month,p99_w,12.0,yes
MEX_2025_ENOE_V01_M_V07_A_GLD_ALL,weight,missing_share,0.0,no
MEX_2025_ENOE_V01_M_V07_A_GLD_ALL,weight,non_missing_n,408099.0,no
MEX_2025_ENOE_V01_M_V07_A_GLD_ALL,weight,zero_share,0.0,no
MEX_2025_ENOE_V01_M_V07_A_GLD_ALL,weight,mean,321.0047635500209,no
MEX_2025_ENOE_V01_M_V07_A_GLD_ALL,weight,sd,406.3121577694709,no
MEX_2025_ENOE_V01_M_V07_A_GLD_ALL,weight,max,6935.0,no
MEX_2025_ENOE_V01_M_V07_A_GLD_ALL,weight,min,12.0,no
MEX_2025_ENOE_V01_M_V07_A_GLD_ALL,weight,num,408099.0,no
MEX_2025_ENOE_V01_M_V07_A_GLD_ALL,weight,skewness,3.8519115230675367,no
MEX_2025_ENOE_V01_M_V07_A_GLD_ALL,weight,kurtosis,23.30633869844204,no
MEX_2025_ENOE_V01_M_V07_A_GLD_ALL,weight,p01,26.0,no
MEX_2025_ENOE_V01_M_V07_A_GLD_ALL,weight,p05,41.0,no
MEX_2025_ENOE_V01_M_V07_A_GLD_ALL,weight,p10,56.0,no
MEX_2025_ENOE_V01_M_V07_A_GLD_ALL,weight,p25,102.0,no
MEX_2025_ENOE_V01_M_V07_A_GLD_ALL,weight,p50,182.0,no
MEX_2025_ENOE_V01_M_V07_A_GLD_ALL,weight,p75,372.0,no
MEX_2025_ENOE_V01_M_V07_A_GLD_ALL,weight,p90,723.0,no
MEX_2025_ENOE_V01_M_V07_A_GLD_ALL,weight,p95,1022.0,no
MEX_2025_ENOE_V01_M_V07_A_GLD_ALL,weight,p99,2114.0,no
MEX_2025_ENOE_V01_M_V07_A_GLD_ALL,weight,missing_share_w,0.0,yes
MEX_2025_ENOE_V01_M_V07_A_GLD_ALL,weight,zero_share_w,0.0,yes
MEX_2025_ENOE_V01_M_V07_A_GLD_ALL,weight,mean_w,835.2935958788878,yes
MEX_2025_ENOE_V01_M_V07_A_GLD_ALL,weight,sd_w,839.9372610928216,yes
MEX_2025_ENOE_V01_M_V07_A_GLD_ALL,weight,p01_w,52.0,yes
MEX_2025_ENOE_V01_M_V07_A_GLD_ALL,weight,p05_w,104.0,yes
MEX_2025_ENOE_V01_M_V07_A_GLD_ALL,weight,p10_w,144.0,yes
MEX_2025_ENOE_V01_M_V07_A_GLD_ALL,weight,p25_w,253.0,yes
MEX_2025_ENOE_V01_M_V07_A_GLD_ALL,weight,p50_w,580.0,yes
MEX_2025_ENOE_V01_M_V07_A_GLD_ALL,weight,p75_w,1043.0,yes
MEX_2025_ENOE_V01_M_V07_A_GLD_ALL,weight,p90_w,1998.0,yes
MEX_2025_ENOE_V01_M_V07_A_GLD_ALL,weight,p95_w,2628.0,yes
MEX_2025_ENOE_V01_M_V07_A_GLD_ALL,weight,p99_w,3803.0,yes
MEX_2025_ENOE_V01_M_V07_A_GLD_ALL,psu,missing_share,0.0,no
MEX_2025_ENOE_V01_M_V07_A_GLD_ALL,psu,non_missing_n,408099.0,no
MEX_2025_ENOE_V01_M_V07_A_GLD_ALL,psu,zero_share,0.0,no
MEX_2025_ENOE_V01_M_V07_A_GLD_ALL,psu,mean,1632655.375,no
MEX_2025_ENOE_V01_M_V07_A_GLD_ALL,psu,sd,925814.5625,no
MEX_2025_ENOE_V01_M_V07_A_GLD_ALL,psu,max,3261264.0,no
MEX_2025_ENOE_V01_M_V07_A_GLD_ALL,psu,min,100094.0,no
MEX_2025_ENOE_V01_M_V07_A_GLD_ALL,psu,num,408099.0,no
MEX_2025_ENOE_V01_M_V07_A_GLD_ALL,psu,skewness,0.0719597339630127,no
MEX_2025_ENOE_V01_M_V07_A_GLD_ALL,psu,kurtosis,-1.2137072086334229,no
MEX_2025_ENOE_V01_M_V07_A_GLD_ALL,psu,p01,101573.0,no
MEX_2025_ENOE_V01_M_V07_A_GLD_ALL,psu,p05,205709.0,no
MEX_2025_ENOE_V01_M_V07_A_GLD_ALL,psu,p10,400928.0,no
MEX_2025_ENOE_V01_M_V07_A_GLD_ALL,psu,p25,803338.0,no
MEX_2025_ENOE_V01_M_V07_A_GLD_ALL,psu,p50,1603561.0,no
MEX_2025_ENOE_V01_M_V07_A_GLD_ALL,psu,p75,2460003.0,no
MEX_2025_ENOE_V01_M_V07_A_GLD_ALL,psu,p90,2960149.0,no
MEX_2025_ENOE_V01_M_V07_A_GLD_ALL,psu,p95,3101457.0,no
MEX_2025_ENOE_V01_M_V07_A_GLD_ALL,psu,p99,3203526.02,no
MEX_2025_ENOE_V01_M_V07_A_GLD_ALL,psu,missing_share_w,0.0,yes
MEX_2025_ENOE_V01_M_V07_A_GLD_ALL,psu,zero_share_w,0.0,yes
MEX_2025_ENOE_V01_M_V07_A_GLD_ALL,psu,mean_w,1658014.2047246736,yes
MEX_2025_ENOE_V01_M_V07_A_GLD_ALL,psu,sd_w,796459.0599013104,yes
MEX_2025_ENOE_V01_M_V07_A_GLD_ALL,psu,p01_w,160011.0,yes
MEX_2025_ENOE_V01_M_V07_A_GLD_ALL,psu,p05_w,400997.0,yes
MEX_2025_ENOE_V01_M_V07_A_GLD_ALL,psu,p10_w,707145.0,yes
MEX_2025_ENOE_V01_M_V07_A_GLD_ALL,psu,p25_w,1100947.0,yes
MEX_2025_ENOE_V01_M_V07_A_GLD_ALL,psu,p50_w,1526152.0,yes
MEX_2025_ENOE_V01_M_V07_A_GLD_ALL,psu,p75_w,2202200.0,yes
MEX_2025_ENOE_V01_M_V07_A_GLD_ALL,psu,p90_w,2901251.0,yes
MEX_2025_ENOE_V01_M_V07_A_GLD_ALL,psu,p95_w,3060869.0,yes
MEX_2025_ENOE_V01_M_V07_A_GLD_ALL,psu,p99_w,3201217.0,yes
MEX_2025_ENOE_V01_M_V07_A_GLD_ALL,strata,missing_share,0.0,no
MEX_2025_ENOE_V01_M_V07_A_GLD_ALL,strata,non_missing_n,408099.0,no
MEX_2025_ENOE_V01_M_V07_A_GLD_ALL,strata,zero_share,0.0,no
MEX_2025_ENOE_V01_M_V07_A_GLD_ALL,strata,mean,846.1970918821169,no
MEX_2025_ENOE_V01_M_V07_A_GLD_ALL,strata,sd,214.6674865765892,no
MEX_2025_ENOE_V01_M_V07_A_GLD_ALL,strata,max,1224.0,no
MEX_2025_ENOE_V01_M_V07_A_GLD_ALL,strata,min,501.0,no
MEX_2025_ENOE_V01_M_V07_A_GLD_ALL,strata,num,408099.0,no
MEX_2025_ENOE_V01_M_V07_A_GLD_ALL,strata,skewness,0.10296221341718963,no
MEX_2025_ENOE_V01_M_V07_A_GLD_ALL,strata,kurtosis,-1.280987460025465,no
MEX_2025_ENOE_V01_M_V07_A_GLD_ALL,strata,p01,504.0,no
MEX_2025_ENOE_V01_M_V07_A_GLD_ALL,strata,p05,529.0,no
MEX_2025_ENOE_V01_M_V07_A_GLD_ALL,strata,p10,567.0,no
MEX_2025_ENOE_V01_M_V07_A_GLD_ALL,strata,p25,653.0,no
MEX_2025_ENOE_V01_M_V07_A_GLD_ALL,strata,p50,837.0,no
MEX_2025_ENOE_V01_M_V07_A_GLD_ALL,strata,p75,1044.0,no
MEX_2025_ENOE_V01_M_V07_A_GLD_ALL,strata,p90,1141.0,no
MEX_2025_ENOE_V01_M_V07_A_GLD_ALL,strata,p95,1191.0,no
MEX_2025_ENOE_V01_M_V07_A_GLD_ALL,strata,p99,1220.0,no
MEX_2025_ENOE_V01_M_V07_A_GLD_ALL,strata,missing_share_w,0.0,yes
MEX_2025_ENOE_V01_M_V07_A_GLD_ALL,strata,zero_share_w,0.0,yes
MEX_2025_ENOE_V01_M_V07_A_GLD_ALL,strata,mean_w,851.4058731731337,yes
MEX_2025_ENOE_V01_M_V07_A_GLD_ALL,strata,sd_w,187.53336393992808,yes
MEX_2025_ENOE_V01_M_V07_A_GLD_ALL,strata,p01_w,517.0,yes
MEX_2025_ENOE_V01_M_V07_A_GLD_ALL,strata,p05_w,568.0,yes
MEX_2025_ENOE_V01_M_V07_A_GLD_ALL,strata,p10_w,644.0,yes
MEX_2025_ENOE_V01_M_V07_A_GLD_ALL,strata,p25_w,702.0,yes
MEX_2025_ENOE_V01_M_V07_A_GLD_ALL,strata,p50_w,805.0,yes
MEX_2025_ENOE_V01_M_V07_A_GLD_ALL,strata,p75_w,989.0,yes
MEX_2025_ENOE_V01_M_V07_A_GLD_ALL,strata,p90_w,1128.0,yes
MEX_2025_ENOE_V01_M_V07_A_GLD_ALL,strata,p95_w,1186.0,yes
MEX_2025_ENOE_V01_M_V07_A_GLD_ALL,strata,p99_w,1216.0,yes
MEX_2025_ENOE_V01_M_V07_A_GLD_ALL,urban,missing_share,0.0,no
MEX_2025_ENOE_V01_M_V07_A_GLD_ALL,urban,non_missing_n,408099.0,no
MEX_2025_ENOE_V01_M_V07_A_GLD_ALL,urban,zero_share,0.1728453144947672,no
MEX_2025_ENOE_V01_M_V07_A_GLD_ALL,urban,mean,0.8271546855052327,no
MEX_2025_ENOE_V01_M_V07_A_GLD_ALL,urban,sd,0.37811395383406454,no
MEX_2025_ENOE_V01_M_V07_A_GLD_ALL,urban,max,1.0,no
MEX_2025_ENOE_V01_M_V07_A_GLD_ALL,urban,min,0.0,no
MEX_2025_ENOE_V01_M_V07_A_GLD_ALL,urban,num,408099.0,no
MEX_2025_ENOE_V01_M_V07_A_GLD_ALL,urban,skewness,-1.7304639805335678,no
MEX_2025_ENOE_V01_M_V07_A_GLD_ALL,urban,kurtosis,0.9945104617687184,no
MEX_2025_ENOE_V01_M_V07_A_GLD_ALL,urban,p01,0.0,no
MEX_2025_ENOE_V01_M_V07_A_GLD_ALL,urban,p05,0.0,no
MEX_2025_ENOE_V01_M_V07_A_GLD_ALL,urban,p10,0.0,no
MEX_2025_ENOE_V01_M_V07_A_GLD_ALL,urban,p25,1.0,no
MEX_2025_ENOE_V01_M_V07_A_GLD_ALL,urban,p50,1.0,no
MEX_2025_ENOE_V01_M_V07_A_GLD_ALL,urban,p75,1.0,no
MEX_2025_ENOE_V01_M_V07_A_GLD_ALL,urban,p90,1.0,no
MEX_2025_ENOE_V01_M_V07_A_GLD_ALL,urban,p95,1.0,no
MEX_2025_ENOE_V01_M_V07_A_GLD_ALL,urban,p99,1.0,no
MEX_2025_ENOE_V01_M_V07_A_GLD_ALL,urban,missing_share_w,0.0,yes
MEX_2025_ENOE_V01_M_V07_A_GLD_ALL,urban,zero_share_w,0.21349826826323498,yes
MEX_2025_ENOE_V01_M_V07_A_GLD_ALL,urban,mean_w,0.786501731736765,yes
MEX_2025_ENOE_V01_M_V07_A_GLD_ALL,urban,sd_w,0.4097764728627484,yes
MEX_2025_ENOE_V01_M_V07_A_GLD_ALL,urban,p01_w,0.0,yes
MEX_2025_ENOE_V01_M_V07_A_GLD_ALL,urban,p05_w,0.0,yes
MEX_2025_ENOE_V01_M_V07_A_GLD_ALL,urban,p10_w,0.0,yes
MEX_2025_ENOE_V01_M_V07_A_GLD_ALL,urban,p25_w,1.0,yes
MEX_2025_ENOE_V01_M_V07_A_GLD_ALL,urban,p50_w,1.0,yes
MEX_2025_ENOE_V01_M_V07_A_GLD_ALL,urban,p75_w,1.0,yes
MEX_2025_ENOE_V01_M_V07_A_GLD_ALL,urban,p90_w,1.0,yes
MEX_2025_ENOE_V01_M_V07_A_GLD_ALL,urban,p95_w,1.0,yes
MEX_2025_ENOE_V01_M_V07_A_GLD_ALL,urban,p99_w,1.0,yes
MEX_2025_ENOE_V01_M_V07_A_GLD_ALL,subnatid1,missing_share,0.0,no
MEX_2025_ENOE_V01_M_V07_A_GLD_ALL,subnatid1,non_missing_n,408099.0,no
MEX_2025_ENOE_V01_M_V07_A_GLD_ALL,subnatid1,zero_share,0.0,no
MEX_2025_ENOE_V01_M_V07_A_GLD_ALL,subnatid1,mean,16.189326609474662,no
MEX_2025_ENOE_V01_M_V07_A_GLD_ALL,subnatid1,sd,9.248617444403266,no
MEX_2025_ENOE_V01_M_V07_A_GLD_ALL,subnatid1,max,32.0,no
MEX_2025_ENOE_V01_M_V07_A_GLD_ALL,subnatid1,min,1.0,no
MEX_2025_ENOE_V01_M_V07_A_GLD_ALL,subnatid1,num,408099.0,no
MEX_2025_ENOE_V01_M_V07_A_GLD_ALL,subnatid1,skewness,0.07734279855351295,no
MEX_2025_ENOE_V01_M_V07_A_GLD_ALL,subnatid1,kurtosis,-1.216190556030341,no
MEX_2025_ENOE_V01_M_V07_A_GLD_ALL,subnatid1,p01,1.0,no
MEX_2025_ENOE_V01_M_V07_A_GLD_ALL,subnatid1,p05,2.0,no
MEX_2025_ENOE_V01_M_V07_A_GLD_ALL,subnatid1,p10,4.0,no
MEX_2025_ENOE_V01_M_V07_A_GLD_ALL,subnatid1,p25,8.0,no
MEX_2025_ENOE_V01_M_V07_A_GLD_ALL,subnatid1,p50,16.0,no
MEX_2025_ENOE_V01_M_V07_A_GLD_ALL,subnatid1,p75,24.0,no
MEX_2025_ENOE_V01_M_V07_A_GLD_ALL,subnatid1,p90,29.0,no
MEX_2025_ENOE_V01_M_V07_A_GLD_ALL,subnatid1,p95,31.0,no
MEX_2025_ENOE_V01_M_V07_A_GLD_ALL,subnatid1,p99,32.0,no
MEX_2025_ENOE_V01_M_V07_A_GLD_ALL,subnatid1,missing_share_w,0.0,yes
MEX_2025_ENOE_V01_M_V07_A_GLD_ALL,subnatid1,zero_share_w,0.0,yes
MEX_2025_ENOE_V01_M_V07_A_GLD_ALL,subnatid1,mean_w,16.3963141156548,yes
MEX_2025_ENOE_V01_M_V07_A_GLD_ALL,subnatid1,sd_w,7.950308010730386,yes
MEX_2025_ENOE_V01_M_V07_A_GLD_ALL,subnatid1,p01_w,1.0,yes
MEX_2025_ENOE_V01_M_V07_A_GLD_ALL,subnatid1,p05_w,4.0,yes
MEX_2025_ENOE_V01_M_V07_A_GLD_ALL,subnatid1,p10_w,7.0,yes
MEX_2025_ENOE_V01_M_V07_A_GLD_ALL,subnatid1,p25_w,11.0,yes
MEX_2025_ENOE_V01_M_V07_A_GLD_ALL,subnatid1,p50_w,15.0,yes
MEX_2025_ENOE_V01_M_V07_A_GLD_ALL,subnatid1,p75_w,22.0,yes
MEX_2025_ENOE_V01_M_V07_A_GLD_ALL,subnatid1,p90_w,29.0,yes
MEX_2025_ENOE_V01_M_V07_A_GLD_ALL,subnatid1,p95_w,30.0,yes
MEX_2025_ENOE_V01_M_V07_A_GLD_ALL,subnatid1,p99_w,32.0,yes
MEX_2025_ENOE_V01_M_V07_A_GLD_ALL,subnatid2,missing_share,0.0,no
MEX_2025_ENOE_V01_M_V07_A_GLD_ALL,subnatid2,non_missing_n,408099.0,no
MEX_2025_ENOE_V01_M_V07_A_GLD_ALL,subnatid2,zero_share,0.0,no
MEX_2025_ENOE_V01_M_V07_A_GLD_ALL,subnatid2,mean,43.96449881033769,no
MEX_2025_ENOE_V01_M_V07_A_GLD_ALL,subnatid2,sd,32.665084379214434,no
MEX_2025_ENOE_V01_M_V07_A_GLD_ALL,subnatid2,max,86.0,no
MEX_2025_ENOE_V01_M_V07_A_GLD_ALL,subnatid2,min,1.0,no
MEX_2025_ENOE_V01_M_V07_A_GLD_ALL,subnatid2,num,408099.0,no
MEX_2025_ENOE_V01_M_V07_A_GLD_ALL,subnatid2,skewness,0.21424763293449092,no
MEX_2025_ENOE_V01_M_V07_A_GLD_ALL,subnatid2,kurtosis,-1.6127113391242425,no
MEX_2025_ENOE_V01_M_V07_A_GLD_ALL,subnatid2,p01,1.0,no
MEX_2025_ENOE_V01_M_V07_A_GLD_ALL,subnatid2,p05,2.0,no
MEX_2025_ENOE_V01_M_V07_A_GLD_ALL,subnatid2,p10,4.0,no
MEX_2025_ENOE_V01_M_V07_A_GLD_ALL,subnatid2,p25,15.0,no
MEX_2025_ENOE_V01_M_V07_A_GLD_ALL,subnatid2,p50,33.0,no
MEX_2025_ENOE_V01_M_V07_A_GLD_ALL,subnatid2,p75,83.0,no
MEX_2025_ENOE_V01_M_V07_A_GLD_ALL,subnatid2,p90,86.0,no
MEX_2025_ENOE_V01_M_V07_A_GLD_ALL,subnatid2,p95,86.0,no
MEX_2025_ENOE_V01_M_V07_A_GLD_ALL,subnatid2,p99,86.0,no
MEX_2025_ENOE_V01_M_V07_A_GLD_ALL,subnatid2,missing_share_w,0.0,yes
MEX_2025_ENOE_V01_M_V07_A_GLD_ALL,subnatid2,zero_share_w,0.0,yes
MEX_2025_ENOE_V01_M_V07_A_GLD_ALL,subnatid2,mean_w,49.63103594446616,yes
MEX_2025_ENOE_V01_M_V07_A_GLD_ALL,subnatid2,sd_w,37.48256479489927,yes
MEX_2025_ENOE_V01_M_V07_A_GLD_ALL,subnatid2,p01_w,1.0,yes
MEX_2025_ENOE_V01_M_V07_A_GLD_ALL,subnatid2,p05_w,1.0,yes
MEX_2025_ENOE_V01_M_V07_A_GLD_ALL,subnatid2,p10_w,1.0,yes
MEX_2025_ENOE_V01_M_V07_A_GLD_ALL,subnatid2,p25_w,5.0,yes
MEX_2025_ENOE_V01_M_V07_A_GLD_ALL,subnatid2,p50_w,81.0,yes
MEX_2025_ENOE_V01_M_V07_A_GLD_ALL,subnatid2,p75_w,84.0,yes
MEX_2025_ENOE_V01_M_V07_A_GLD_ALL,subnatid2,p90_w,86.0,yes
MEX_2025_ENOE_V01_M_V07_A_GLD_ALL,subnatid2,p95_w,86.0,yes
MEX_2025_ENOE_V01_M_V07_A_GLD_ALL,subnatid2,p99_w,86.0,yes
MEX_2025_ENOE_V01_M_V07_A_GLD_ALL,subnatid3,missing_share,0.008490586842898414,no
MEX_2025_ENOE_V01_M_V07_A_GLD_ALL,subnatid3,non_missing_n,404634.0,no
MEX_2025_ENOE_V01_M_V07_A_GLD_ALL,subnatid3,zero_share,0.0,no
MEX_2025_ENOE_V01_M_V07_A_GLD_ALL,subnatid3,mean,41.030336056782176,no
MEX_2025_ENOE_V01_M_V07_A_GLD_ALL,subnatid3,sd,59.5514189891467,no
MEX_2025_ENOE_V01_M_V07_A_GLD_ALL,subnatid3,max,570.0,no
MEX_2025_ENOE_V01_M_V07_A_GLD_ALL,subnatid3,min,1.0,no
MEX_2025_ENOE_V01_M_V07_A_GLD_ALL,subnatid3,num,404634.0,no
MEX_2025_ENOE_V01_M_V07_A_GLD_ALL,subnatid3,skewness,3.989154402993053,no
MEX_2025_ENOE_V01_M_V07_A_GLD_ALL,subnatid3,kurtosis,22.5367177849181,no
MEX_2025_ENOE_V01_M_V07_A_GLD_ALL,subnatid3,p01,1.0,no
MEX_2025_ENOE_V01_M_V07_A_GLD_ALL,subnatid3,p05,2.0,no
MEX_2025_ENOE_V01_M_V07_A_GLD_ALL,subnatid3,p10,3.0,no
MEX_2025_ENOE_V01_M_V07_A_GLD_ALL,subnatid3,p25,7.0,no
MEX_2025_ENOE_V01_M_V07_A_GLD_ALL,subnatid3,p50,21.0,no
MEX_2025_ENOE_V01_M_V07_A_GLD_ALL,subnatid3,p75,50.0,no
MEX_2025_ENOE_V01_M_V07_A_GLD_ALL,subnatid3,p90,101.0,no
MEX_2025_ENOE_V01_M_V07_A_GLD_ALL,subnatid3,p95,120.0,no
MEX_2025_ENOE_V01_M_V07_A_GLD_ALL,subnatid3,p99,375.0,no
MEX_2025_ENOE_V01_M_V07_A_GLD_ALL,subnatid3,missing_share_w,0.010588379818485288,yes
MEX_2025_ENOE_V01_M_V07_A_GLD_ALL,subnatid3,zero_share_w,0.0,yes
MEX_2025_ENOE_V01_M_V07_A_GLD_ALL,subnatid3,mean_w,49.782547829266214,yes
MEX_2025_ENOE_V01_M_V07_A_GLD_ALL,subnatid3,sd_w,60.12397570959218,yes
MEX_2025_ENOE_V01_M_V07_A_GLD_ALL,subnatid3,p01_w,1.0,yes
MEX_2025_ENOE_V01_M_V07_A_GLD_ALL,subnatid3,p05_w,2.0,yes
MEX_2025_ENOE_V01_M_V07_A_GLD_ALL,subnatid3,p10_w,5.0,yes
MEX_2025_ENOE_V01_M_V07_A_GLD_ALL,subnatid3,p25_w,12.0,yes
MEX_2025_ENOE_V01_M_V07_A_GLD_ALL,subnatid3,p50_w,31.0,yes
MEX_2025_ENOE_V01_M_V07_A_GLD_ALL,subnatid3,p75_w,70.0,yes
MEX_2025_ENOE_V01_M_V07_A_GLD_ALL,subnatid3,p90_w,114.0,yes
MEX_2025_ENOE_V01_M_V07_A_GLD_ALL,subnatid3,p95_w,142.0,yes
MEX_2025_ENOE_V01_M_V07_A_GLD_ALL,subnatid3,p99_w,318.0,yes
MEX_2025_ENOE_V01_M_V07_A_GLD_ALL,hsize,missing_share,0.14242867539494095,no
MEX_2025_ENOE_V01_M_V07_A_GLD_ALL,hsize,non_missing_n,349974.0,no
MEX_2025_ENOE_V01_M_V07_A_GLD_ALL,hsize,zero_share,0.0,no
MEX_2025_ENOE_V01_M_V07_A_GLD_ALL,hsize,mean,3.907907444553024,no
MEX_2025_ENOE_V01_M_V07_A_GLD_ALL,hsize,sd,1.6728345602378527,no
MEX_2025_ENOE_V01_M_V07_A_GLD_ALL,hsize,max,21.0,no
MEX_2025_ENOE_V01_M_V07_A_GLD_ALL,hsize,min,1.0,no
MEX_2025_ENOE_V01_M_V07_A_GLD_ALL,hsize,num,349974.0,no
MEX_2025_ENOE_V01_M_V07_A_GLD_ALL,hsize,skewness,0.888928480024149,no
MEX_2025_ENOE_V01_M_V07_A_GLD_ALL,hsize,kurtosis,2.4189886024237786,no
MEX_2025_ENOE_V01_M_V07_A_GLD_ALL,hsize,p01,1.0,no
MEX_2025_ENOE_V01_M_V07_A_GLD_ALL,hsize,p05,2.0,no
MEX_2025_ENOE_V01_M_V07_A_GLD_ALL,hsize,p10,2.0,no
MEX_2025_ENOE_V01_M_V07_A_GLD_ALL,hsize,p25,3.0,no
MEX_2025_ENOE_V01_M_V07_A_GLD_ALL,hsize,p50,4.0,no
MEX_2025_ENOE_V01_M_V07_A_GLD_ALL,hsize,p75,5.0,no
MEX_2025_ENOE_V01_M_V07_A_GLD_ALL,hsize,p90,6.0,no
MEX_2025_ENOE_V01_M_V07_A_GLD_ALL,hsize,p95,7.0,no
MEX_2025_ENOE_V01_M_V07_A_GLD_ALL,hsize,p99,9.0,no
MEX_2025_ENOE_V01_M_V07_A_GLD_ALL,hsize,missing_share_w,0.1424356991090873,yes
MEX_2025_ENOE_V01_M_V07_A_GLD_ALL,hsize,zero_share_w,0.0,yes
MEX_2025_ENOE_V01_M_V07_A_GLD_ALL,hsize,mean_w,3.952301046156206,yes
MEX_2025_ENOE_V01_M_V07_A_GLD_ALL,hsize,sd_w,1.7010901553294722,yes
MEX_2025_ENOE_V01_M_V07_A_GLD_ALL,hsize,p01_w,1.0,yes
MEX_2025_ENOE_V01_M_V07_A_GLD_ALL,hsize,p05_w,2.0,yes
MEX_2025_ENOE_V01_M_V07_A_GLD_ALL,hsize,p10_w,2.0,yes
MEX_2025_ENOE_V01_M_V07_A_GLD_ALL,hsize,p25_w,3.0,yes
MEX_2025_ENOE_V01_M_V07_A_GLD_ALL,hsize,p50_w,4.0,yes
MEX_2025_ENOE_V01_M_V07_A_GLD_ALL,hsize,p75_w,5.0,yes
MEX_2025_ENOE_V01_M_V07_A_GLD_ALL,hsize,p90_w,6.0,yes
MEX_2025_ENOE_V01_M_V07_A_GLD_ALL,hsize,p95_w,7.0,yes
MEX_2025_ENOE_V01_M_V07_A_GLD_ALL,hsize,p99_w,9.0,yes
MEX_2025_ENOE_V01_M_V07_A_GLD_ALL,age,missing_share,0.00013477121972854626,no
MEX_2025_ENOE_V01_M_V07_A_GLD_ALL,age,non_missing_n,408044.0,no
MEX_2025_ENOE_V01_M_V07_A_GLD_ALL,age,zero_share,0.008051967782327328,no
MEX_2025_ENOE_V01_M_V07_A_GLD_ALL,age,mean,35.228874827224516,no
MEX_2025_ENOE_V01_M_V07_A_GLD_ALL,age,sd,21.594503560384126,no
MEX_2025_ENOE_V01_M_V07_A_GLD_ALL,age,max,98.0,no
MEX_2025_ENOE_V01_M_V07_A_GLD_ALL,age,min,0.0,no
MEX_2025_ENOE_V01_M_V07_A_GLD_ALL,age,num,408044.0,no
MEX_2025_ENOE_V01_M_V07_A_GLD_ALL,age,skewness,0.3450327331675034,no
MEX_2025_ENOE_V01_M_V07_A_GLD_ALL,age,kurtosis,-0.7778552492001669,no
MEX_2025_ENOE_V01_M_V07_A_GLD_ALL,age,p01,1.0,no
MEX_2025_ENOE_V01_M_V07_A_GLD_ALL,age,p05,4.0,no
MEX_2025_ENOE_V01_M_V07_A_GLD_ALL,age,p10,8.0,no
MEX_2025_ENOE_V01_M_V07_A_GLD_ALL,age,p25,17.0,no
MEX_2025_ENOE_V01_M_V07_A_GLD_ALL,age,p50,33.0,no
MEX_2025_ENOE_V01_M_V07_A_GLD_ALL,age,p75,52.0,no
MEX_2025_ENOE_V01_M_V07_A_GLD_ALL,age,p90,65.0,no
MEX_2025_ENOE_V01_M_V07_A_GLD_ALL,age,p95,73.0,no
MEX_2025_ENOE_V01_M_V07_A_GLD_ALL,age,p99,85.0,no
MEX_2025_ENOE_V01_M_V07_A_GLD_ALL,age,missing_share_w,0.00012633421623011782,yes
MEX_2025_ENOE_V01_M_V07_A_GLD_ALL,age,zero_share_w,0.008201357779088142,yes
MEX_2025_ENOE_V01_M_V07_A_GLD_ALL,age,mean_w,35.319221680151536,yes
MEX_2025_ENOE_V01_M_V07_A_GLD_ALL,age,sd_w,21.75539085424886,yes
MEX_2025_ENOE_V01_M_V07_A_GLD_ALL,age,p01_w,1.0,yes
MEX_2025_ENOE_V01_M_V07_A_GLD_ALL,age,p05_w,4.0,yes
MEX_2025_ENOE_V01_M_V07_A_GLD_ALL,age,p10_w,8.0,yes
MEX_2025_ENOE_V01_M_V07_A_GLD_ALL,age,p25_w,17.0,yes
MEX_2025_ENOE_V01_M_V07_A_GLD_ALL,age,p50_w,33.0,yes
MEX_2025_ENOE_V01_M_V07_A_GLD_ALL,age,p75_w,52.0,yes
MEX_2025_ENOE_V01_M_V07_A_GLD_ALL,age,p90_w,66.0,yes
MEX_2025_ENOE_V01_M_V07_A_GLD_ALL,age,p95_w,73.0,yes
MEX_2025_ENOE_V01_M_V07_A_GLD_ALL,age,p99_w,85.0,yes
MEX_2025_ENOE_V01_M_V07_A_GLD_ALL,male,missing_share,0.0,no
MEX_2025_ENOE_V01_M_V07_A_GLD_ALL,male,non_missing_n,408099.0,no
MEX_2025_ENOE_V01_M_V07_A_GLD_ALL,male,zero_share,0.5213759406418541,no
MEX_2025_ENOE_V01_M_V07_A_GLD_ALL,male,mean,0.47862405935814595,no
MEX_2025_ENOE_V01_M_V07_A_GLD_ALL,male,sd,0.499543472222359,no
MEX_2025_ENOE_V01_M_V07_A_GLD_ALL,male,max,1.0,no
MEX_2025_ENOE_V01_M_V07_A_GLD_ALL,male,min,0.0,no
MEX_2025_ENOE_V01_M_V07_A_GLD_ALL,male,num,408099.0,no
MEX_2025_ENOE_V01_M_V07_A_GLD_ALL,male,skewness,0.08558232301935025,no
MEX_2025_ENOE_V01_M_V07_A_GLD_ALL,male,kurtosis,-1.992685431706854,no
MEX_2025_ENOE_V01_M_V07_A_GLD_ALL,male,p01,0.0,no
MEX_2025_ENOE_V01_M_V07_A_GLD_ALL,male,p05,0.0,no
MEX_2025_ENOE_V01_M_V07_A_GLD_ALL,male,p10,0.0,no
MEX_2025_ENOE_V01_M_V07_A_GLD_ALL,male,p25,0.0,no
MEX_2025_ENOE_V01_M_V07_A_GLD_ALL,male,p50,0.0,no
MEX_2025_ENOE_V01_M_V07_A_GLD_ALL,male,p75,1.0,no
MEX_2025_ENOE_V01_M_V07_A_GLD_ALL,male,p90,1.0,no
MEX_2025_ENOE_V01_M_V07_A_GLD_ALL,male,p95,1.0,no
MEX_2025_ENOE_V01_M_V07_A_GLD_ALL,male,p99,1.0,no
MEX_2025_ENOE_V01_M_V07_A_GLD_ALL,male,missing_share_w,0.0,yes
MEX_2025_ENOE_V01_M_V07_A_GLD_ALL,male,zero_share_w,0.5217098404117937,yes
MEX_2025_ENOE_V01_M_V07_A_GLD_ALL,male,mean_w,0.4782901595882063,yes
MEX_2025_ENOE_V01_M_V07_A_GLD_ALL,male,sd_w,0.4995284604797753,yes
MEX_2025_ENOE_V01_M_V07_A_GLD_ALL,male,p01_w,0.0,yes
MEX_2025_ENOE_V01_M_V07_A_GLD_ALL,male,p05_w,0.0,yes
MEX_2025_ENOE_V01_M_V07_A_GLD_ALL,male,p10_w,0.0,yes
MEX_2025_ENOE_V01_M_V07_A_GLD_ALL,male,p25_w,0.0,yes
MEX_2025_ENOE_V01_M_V07_A_GLD_ALL,male,p50_w,0.0,yes
MEX_2025_ENOE_V01_M_V07_A_GLD_ALL,male,p75_w,1.0,yes
MEX_2025_ENOE_V01_M_V07_A_GLD_ALL,male,p90_w,1.0,yes
MEX_2025_ENOE_V01_M_V07_A_GLD_ALL,male,p95_w,1.0,yes
MEX_2025_ENOE_V01_M_V07_A_GLD_ALL,male,p99_w,1.0,yes
MEX_2025_ENOE_V01_M_V07_A_GLD_ALL,relationharm,missing_share,0.0002768935968968314,no
MEX_2025_ENOE_V01_M_V07_A_GLD_ALL,relationharm,non_missing_n,407986.0,no
MEX_2025_ENOE_V01_M_V07_A_GLD_ALL,relationharm,zero_share,0.0,no
MEX_2025_ENOE_V01_M_V07_A_GLD_ALL,relationharm,mean,2.6330879000750027,no
MEX_2025_ENOE_V01_M_V07_A_GLD_ALL,relationharm,sd,1.5973387530786325,no
MEX_2025_ENOE_V01_M_V07_A_GLD_ALL,relationharm,max,6.0,no
MEX_2025_ENOE_V01_M_V07_A_GLD_ALL,relationharm,min,1.0,no
MEX_2025_ENOE_V01_M_V07_A_GLD_ALL,relationharm,num,407986.0,no
MEX_2025_ENOE_V01_M_V07_A_GLD_ALL,relationharm,skewness,0.9981052514858976,no
MEX_2025_ENOE_V01_M_V07_A_GLD_ALL,relationharm,kurtosis,0.14697079418471581,no
MEX_2025_ENOE_V01_M_V07_A_GLD_ALL,relationharm,p01,1.0,no
MEX_2025_ENOE_V01_M_V07_A_GLD_ALL,relationharm,p05,1.0,no
MEX_2025_ENOE_V01_M_V07_A_GLD_ALL,relationharm,p10,1.0,no
MEX_2025_ENOE_V01_M_V07_A_GLD_ALL,relationharm,p25,1.0,no
MEX_2025_ENOE_V01_M_V07_A_GLD_ALL,relationharm,p50,3.0,no
MEX_2025_ENOE_V01_M_V07_A_GLD_ALL,relationharm,p75,3.0,no
MEX_2025_ENOE_V01_M_V07_A_GLD_ALL,relationharm,p90,6.0,no
MEX_2025_ENOE_V01_M_V07_A_GLD_ALL,relationharm,p95,6.0,no
MEX_2025_ENOE_V01_M_V07_A_GLD_ALL,relationharm,p99,6.0,no
MEX_2025_ENOE_V01_M_V07_A_GLD_ALL,relationharm,missing_share_w,0.00022342454228636366,yes
MEX_2025_ENOE_V01_M_V07_A_GLD_ALL,relationharm,zero_share_w,0.0,yes
MEX_2025_ENOE_V01_M_V07_A_GLD_ALL,relationharm,mean_w,2.6398119332787338,yes
MEX_2025_ENOE_V01_M_V07_A_GLD_ALL,relationharm,sd_w,1.5951136581734162,yes
MEX_2025_ENOE_V01_M_V07_A_GLD_ALL,relationharm,p01_w,1.0,yes
MEX_2025_ENOE_V01_M_V07_A_GLD_ALL,relationharm,p05_w,1.0,yes
MEX_2025_ENOE_V01_M_V07_A_GLD_ALL,relationharm,p10_w,1.0,yes
MEX_2025_ENOE_V01_M_V07_A_GLD_ALL,relationharm,p25_w,1.0,yes
MEX_2025_ENOE_V01_M_V07_A_GLD_ALL,relationharm,p50_w,3.0,yes
MEX_2025_ENOE_V01_M_V07_A_GLD_ALL,relationharm,p75_w,3.0,yes
MEX_2025_ENOE_V01_M_V07_A_GLD_ALL,relationharm,p90_w,6.0,yes
MEX_2025_ENOE_V01_M_V07_A_GLD_ALL,relationharm,p95_w,6.0,yes
MEX_2025_ENOE_V01_M_V07_A_GLD_ALL,relationharm,p99_w,6.0,yes
MEX_2025_ENOE_V01_M_V07_A_GLD_ALL,relationcs,missing_share,0.0,no
MEX_2025_ENOE_V01_M_V07_A_GLD_ALL,relationcs,non_missing_n,408099.0,no
MEX_2025_ENOE_V01_M_V07_A_GLD_ALL,relationcs,zero_share,0.0,no
MEX_2025_ENOE_V01_M_V07_A_GLD_ALL,relationcs,mean,2.3558670812719464,no
MEX_2025_ENOE_V01_M_V07_A_GLD_ALL,relationcs,sd,1.0772662505220603,no
MEX_2025_ENOE_V01_M_V07_A_GLD_ALL,relationcs,max,9.0,no
MEX_2025_ENOE_V01_M_V07_A_GLD_ALL,relationcs,min,1.0,no
MEX_2025_ENOE_V01_M_V07_A_GLD_ALL,relationcs,num,408099.0,no
MEX_2025_ENOE_V01_M_V07_A_GLD_ALL,relationcs,skewness,0.10313100288162383,no
MEX_2025_ENOE_V01_M_V07_A_GLD_ALL,relationcs,kurtosis,-0.7972691391688507,no
MEX_2025_ENOE_V01_M_V07_A_GLD_ALL,relationcs,p01,1.0,no
MEX_2025_ENOE_V01_M_V07_A_GLD_ALL,relationcs,p05,1.0,no
MEX_2025_ENOE_V01_M_V07_A_GLD_ALL,relationcs,p10,1.0,no
MEX_2025_ENOE_V01_M_V07_A_GLD_ALL,relationcs,p25,1.0,no
MEX_2025_ENOE_V01_M_V07_A_GLD_ALL,relationcs,p50,3.0,no
MEX_2025_ENOE_V01_M_V07_A_GLD_ALL,relationcs,p75,3.0,no
MEX_2025_ENOE_V01_M_V07_A_GLD_ALL,relationcs,p90,4.0,no
MEX_2025_ENOE_V01_M_V07_A_GLD_ALL,relationcs,p95,4.0,no
MEX_2025_ENOE_V01_M_V07_A_GLD_ALL,relationcs,p99,4.0,no
MEX_2025_ENOE_V01_M_V07_A_GLD_ALL,relationcs,missing_share_w,0.0,yes
MEX_2025_ENOE_V01_M_V07_A_GLD_ALL,relationcs,zero_share_w,0.0,yes
MEX_2025_ENOE_V01_M_V07_A_GLD_ALL,relationcs,mean_w,2.361597923410519,yes
MEX_2025_ENOE_V01_M_V07_A_GLD_ALL,relationcs,sd_w,1.0733738062622702,yes
MEX_2025_ENOE_V01_M_V07_A_GLD_ALL,relationcs,p01_w,1.0,yes
MEX_2025_ENOE_V01_M_V07_A_GLD_ALL,relationcs,p05_w,1.0,yes
MEX_2025_ENOE_V01_M_V07_A_GLD_ALL,relationcs,p10_w,1.0,yes
MEX_2025_ENOE_V01_M_V07_A_GLD_ALL,relationcs,p25_w,1.0,yes
MEX_2025_ENOE_V01_M_V07_A_GLD_ALL,relationcs,p50_w,3.0,yes
MEX_2025_ENOE_V01_M_V07_A_GLD_ALL,relationcs,p75_w,3.0,yes
MEX_2025_ENOE_V01_M_V07_A_GLD_ALL,relationcs,p90_w,4.0,yes
MEX_2025_ENOE_V01_M_V07_A_GLD_ALL,relationcs,p95_w,4.0,yes
MEX_2025_ENOE_V01_M_V07_A_GLD_ALL,relationcs,p99_w,4.0,yes
MEX_2025_ENOE_V01_M_V07_A_GLD_ALL,marital,missing_share,0.15676833317405825,no
MEX_2025_ENOE_V01_M_V07_A_GLD_ALL,marital,non_missing_n,344122.0,no
MEX_2025_ENOE_V01_M_V07_A_GLD_ALL,marital,zero_share,0.0,no
MEX_2025_ENOE_V01_M_V07_A_GLD_ALL,marital,mean,2.132644817826236,no
MEX_2025_ENOE_V01_M_V07_A_GLD_ALL,marital,sd,1.123329002692837,no
MEX_2025_ENOE_V01_M_V07_A_GLD_ALL,marital,max,5.0,no
MEX_2025_ENOE_V01_M_V07_A_GLD_ALL,marital,min,1.0,no
MEX_2025_ENOE_V01_M_V07_A_GLD_ALL,marital,num,344122.0,no
MEX_2025_ENOE_V01_M_V07_A_GLD_ALL,marital,skewness,0.9674599787697294,no
MEX_2025_ENOE_V01_M_V07_A_GLD_ALL,marital,kurtosis,0.28265592029992614,no
MEX_2025_ENOE_V01_M_V07_A_GLD_ALL,marital,p01,1.0,no
MEX_2025_ENOE_V01_M_V07_A_GLD_ALL,marital,p05,1.0,no
MEX_2025_ENOE_V01_M_V07_A_GLD_ALL,marital,p10,1.0,no
MEX_2025_ENOE_V01_M_V07_A_GLD_ALL,marital,p25,1.0,no
MEX_2025_ENOE_V01_M_V07_A_GLD_ALL,marital,p50,2.0,no
MEX_2025_ENOE_V01_M_V07_A_GLD_ALL,marital,p75,3.0,no
MEX_2025_ENOE_V01_M_V07_A_GLD_ALL,marital,p90,4.0,no
MEX_2025_ENOE_V01_M_V07_A_GLD_ALL,marital,p95,5.0,no
MEX_2025_ENOE_V01_M_V07_A_GLD_ALL,marital,p99,5.0,no
MEX_2025_ENOE_V01_M_V07_A_GLD_ALL,marital,missing_share_w,0.1589387186915091,yes
MEX_2025_ENOE_V01_M_V07_A_GLD_ALL,marital,zero_share_w,0.0,yes
MEX_2025_ENOE_V01_M_V07_A_GLD_ALL,marital,mean_w,2.125013490366356,yes
MEX_2025_ENOE_V01_M_V07_A_GLD_ALL,marital,sd_w,1.1244042304986033,yes
MEX_2025_ENOE_V01_M_V07_A_GLD_ALL,marital,p01_w,1.0,yes
MEX_2025_ENOE_V01_M_V07_A_GLD_ALL,marital,p05_w,1.0,yes
MEX_2025_ENOE_V01_M_V07_A_GLD_ALL,marital,p10_w,1.0,yes
MEX_2025_ENOE_V01_M_V07_A_GLD_ALL,marital,p25_w,1.0,yes
MEX_2025_ENOE_V01_M_V07_A_GLD_ALL,marital,p50_w,2.0,yes
MEX_2025_ENOE_V01_M_V07_A_GLD_ALL,marital,p75_w,3.0,yes
MEX_2025_ENOE_V01_M_V07_A_GLD_ALL,marital,p90_w,4.0,yes
MEX_2025_ENOE_V01_M_V07_A_GLD_ALL,marital,p95_w,5.0,yes
MEX_2025_ENOE_V01_M_V07_A_GLD_ALL,marital,p99_w,5.0,yes
MEX_2025_ENOE_V01_M_V07_A_GLD_ALL,ed_mod_age,missing_share,0.0,no
MEX_2025_ENOE_V01_M_V07_A_GLD_ALL,ed_mod_age,non_missing_n,408099.0,no
MEX_2025_ENOE_V01_M_V07_A_GLD_ALL,ed_mod_age,zero_share,0.0,no
MEX_2025_ENOE_V01_M_V07_A_GLD_ALL,ed_mod_age,mean,5.0,no
MEX_2025_ENOE_V01_M_V07_A_GLD_ALL,ed_mod_age,sd,0.0,no
MEX_2025_ENOE_V01_M_V07_A_GLD_ALL,ed_mod_age,max,5.0,no
MEX_2025_ENOE_V01_M_V07_A_GLD_ALL,ed_mod_age,min,5.0,no
MEX_2025_ENOE_V01_M_V07_A_GLD_ALL,ed_mod_age,num,408099.0,no
MEX_2025_ENOE_V01_M_V07_A_GLD_ALL,ed_mod_age,skewness,0.0,no
MEX_2025_ENOE_V01_M_V07_A_GLD_ALL,ed_mod_age,kurtosis,0.0,no
MEX_2025_ENOE_V01_M_V07_A_GLD_ALL,ed_mod_age,p01,5.0,no
MEX_2025_ENOE_V01_M_V07_A_GLD_ALL,ed_mod_age,p05,5.0,no
MEX_2025_ENOE_V01_M_V07_A_GLD_ALL,ed_mod_age,p10,5.0,no
MEX_2025_ENOE_V01_M_V07_A_GLD_ALL,ed_mod_age,p25,5.0,no
MEX_2025_ENOE_V01_M_V07_A_GLD_ALL,ed_mod_age,p50,5.0,no
MEX_2025_ENOE_V01_M_V07_A_GLD_ALL,ed_mod_age,p75,5.0,no
MEX_2025_ENOE_V01_M_V07_A_GLD_ALL,ed_mod_age,p90,5.0,no
MEX_2025_ENOE_V01_M_V07_A_GLD_ALL,ed_mod_age,p95,5.0,no
MEX_2025_ENOE_V01_M_V07_A_GLD_ALL,ed_mod_age,p99,5.0,no
MEX_2025_ENOE_V01_M_V07_A_GLD_ALL,ed_mod_age,missing_share_w,0.0,yes
MEX_2025_ENOE_V01_M_V07_A_GLD_ALL,ed_mod_age,zero_share_w,0.0,yes
MEX_2025_ENOE_V01_M_V07_A_GLD_ALL,ed_mod_age,mean_w,5.0,yes
MEX_2025_ENOE_V01_M_V07_A_GLD_ALL,ed_mod_age,sd_w,0.0,yes
MEX_2025_ENOE_V01_M_V07_A_GLD_ALL,ed_mod_age,p01_w,5.0,yes
MEX_2025_ENOE_V01_M_V07_A_GLD_ALL,ed_mod_age,p05_w,5.0,yes
MEX_2025_ENOE_V01_M_V07_A_GLD_ALL,ed_mod_age,p10_w,5.0,yes
MEX_2025_ENOE_V01_M_V07_A_GLD_ALL,ed_mod_age,p25_w,5.0,yes
MEX_2025_ENOE_V01_M_V07_A_GLD_ALL,ed_mod_age,p50_w,5.0,yes
MEX_2025_ENOE_V01_M_V07_A_GLD_ALL,ed_mod_age,p75_w,5.0,yes
MEX_2025_ENOE_V01_M_V07_A_GLD_ALL,ed_mod_age,p90_w,5.0,yes
MEX_2025_ENOE_V01_M_V07_A_GLD_ALL,ed_mod_age,p95_w,5.0,yes
MEX_2025_ENOE_V01_M_V07_A_GLD_ALL,ed_mod_age,p99_w,5.0,yes
MEX_2025_ENOE_V01_M_V07_A_GLD_ALL,school,missing_share,0.051695789502057096,no
MEX_2025_ENOE_V01_M_V07_A_GLD_ALL,school,non_missing_n,387002.0,no
MEX_2025_ENOE_V01_M_V07_A_GLD_ALL,school,zero_share,0.6947039811418307,no
MEX_2025_ENOE_V01_M_V07_A_GLD_ALL,school,mean,0.2674249745479352,no
MEX_2025_ENOE_V01_M_V07_A_GLD_ALL,school,sd,0.44261649738744946,no
MEX_2025_ENOE_V01_M_V07_A_GLD_ALL,school,max,1.0,no
MEX_2025_ENOE_V01_M_V07_A_GLD_ALL,school,min,0.0,no
MEX_2025_ENOE_V01_M_V07_A_GLD_ALL,school,num,387002.0,no
MEX_2025_ENOE_V01_M_V07_A_GLD_ALL,school,skewness,1.0509153127514335,no
MEX_2025_ENOE_V01_M_V07_A_GLD_ALL,school,kurtosis,-0.8955816337562008,no
MEX_2025_ENOE_V01_M_V07_A_GLD_ALL,school,p01,0.0,no
MEX_2025_ENOE_V01_M_V07_A_GLD_ALL,school,p05,0.0,no
MEX_2025_ENOE_V01_M_V07_A_GLD_ALL,school,p10,0.0,no
MEX_2025_ENOE_V01_M_V07_A_GLD_ALL,school,p25,0.0,no
MEX_2025_ENOE_V01_M_V07_A_GLD_ALL,school,p50,0.0,no
MEX_2025_ENOE_V01_M_V07_A_GLD_ALL,school,p75,1.0,no
MEX_2025_ENOE_V01_M_V07_A_GLD_ALL,school,p90,1.0,no
MEX_2025_ENOE_V01_M_V07_A_GLD_ALL,school,p95,1.0,no
MEX_2025_ENOE_V01_M_V07_A_GLD_ALL,school,p99,1.0,no
MEX_2025_ENOE_V01_M_V07_A_GLD_ALL,school,missing_share_w,0.05219020668911355,yes
MEX_2025_ENOE_V01_M_V07_A_GLD_ALL,school,zero_share_w,0.6969775504403098,yes
MEX_2025_ENOE_V01_M_V07_A_GLD_ALL,school,mean_w,0.264644071670087,yes
MEX_2025_ENOE_V01_M_V07_A_GLD_ALL,school,sd_w,0.4411434993286933,yes
MEX_2025_ENOE_V01_M_V07_A_GLD_ALL,school,p01_w,0.0,yes
MEX_2025_ENOE_V01_M_V07_A_GLD_ALL,school,p05_w,0.0,yes
MEX_2025_ENOE_V01_M_V07_A_GLD_ALL,school,p10_w,0.0,yes
MEX_2025_ENOE_V01_M_V07_A_GLD_ALL,school,p25_w,0.0,yes
MEX_2025_ENOE_V01_M_V07_A_GLD_ALL,school,p50_w,0.0,yes
MEX_2025_ENOE_V01_M_V07_A_GLD_ALL,school,p75_w,1.0,yes
MEX_2025_ENOE_V01_M_V07_A_GLD_ALL,school,p90_w,1.0,yes
MEX_2025_ENOE_V01_M_V07_A_GLD_ALL,school,p95_w,1.0,yes
MEX_2025_ENOE_V01_M_V07_A_GLD_ALL,school,p99_w,1.0,yes
MEX_2025_ENOE_V01_M_V07_A_GLD_ALL,literacy,missing_share,0.051705591045310084,no
MEX_2025_ENOE_V01_M_V07_A_GLD_ALL,literacy,non_missing_n,386998.0,no
MEX_2025_ENOE_V01_M_V07_A_GLD_ALL,literacy,zero_share,0.05151936172350337,no
MEX_2025_ENOE_V01_M_V07_A_GLD_ALL,literacy,mean,0.9456715538581595,no
MEX_2025_ENOE_V01_M_V07_A_GLD_ALL,literacy,sd,0.2266649484131566,no
MEX_2025_ENOE_V01_M_V07_A_GLD_ALL,literacy,max,1.0,no
MEX_2025_ENOE_V01_M_V07_A_GLD_ALL,literacy,min,0.0,no
MEX_2025_ENOE_V01_M_V07_A_GLD_ALL,literacy,num,386998.0,no
MEX_2025_ENOE_V01_M_V07_A_GLD_ALL,literacy,skewness,-3.9324461961401678,no
MEX_2025_ENOE_V01_M_V07_A_GLD_ALL,literacy,kurtosis,13.464202668312911,no
MEX_2025_ENOE_V01_M_V07_A_GLD_ALL,literacy,p01,0.0,no
MEX_2025_ENOE_V01_M_V07_A_GLD_ALL,literacy,p05,0.0,no
MEX_2025_ENOE_V01_M_V07_A_GLD_ALL,literacy,p10,1.0,no
MEX_2025_ENOE_V01_M_V07_A_GLD_ALL,literacy,p25,1.0,no
MEX_2025_ENOE_V01_M_V07_A_GLD_ALL,literacy,p50,1.0,no
MEX_2025_ENOE_V01_M_V07_A_GLD_ALL,literacy,p75,1.0,no
MEX_2025_ENOE_V01_M_V07_A_GLD_ALL,literacy,p90,1.0,no
MEX_2025_ENOE_V01_M_V07_A_GLD_ALL,literacy,p95,1.0,no
MEX_2025_ENOE_V01_M_V07_A_GLD_ALL,literacy,p99,1.0,no
MEX_2025_ENOE_V01_M_V07_A_GLD_ALL,literacy,missing_share_w,0.052189886082643355,yes
MEX_2025_ENOE_V01_M_V07_A_GLD_ALL,literacy,zero_share_w,0.05623461150965167,yes
MEX_2025_ENOE_V01_M_V07_A_GLD_ALL,literacy,mean_w,0.940668905423228,yes
MEX_2025_ENOE_V01_M_V07_A_GLD_ALL,literacy,sd_w,0.2362433402089762,yes
MEX_2025_ENOE_V01_M_V07_A_GLD_ALL,literacy,p01_w,0.0,yes
MEX_2025_ENOE_V01_M_V07_A_GLD_ALL,literacy,p05_w,0.0,yes
MEX_2025_ENOE_V01_M_V07_A_GLD_ALL,literacy,p10_w,1.0,yes
MEX_2025_ENOE_V01_M_V07_A_GLD_ALL,literacy,p25_w,1.0,yes
MEX_2025_ENOE_V01_M_V07_A_GLD_ALL,literacy,p50_w,1.0,yes
MEX_2025_ENOE_V01_M_V07_A_GLD_ALL,literacy,p75_w,1.0,yes
MEX_2025_ENOE_V01_M_V07_A_GLD_ALL,literacy,p90_w,1.0,yes
MEX_2025_ENOE_V01_M_V07_A_GLD_ALL,literacy,p95_w,1.0,yes
MEX_2025_ENOE_V01_M_V07_A_GLD_ALL,literacy,p99_w,1.0,yes
MEX_2025_ENOE_V01_M_V07_A_GLD_ALL,educy,missing_share,0.05416577840180937,no
MEX_2025_ENOE_V01_M_V07_A_GLD_ALL,educy,non_missing_n,385994.0,no
MEX_2025_ENOE_V01_M_V07_A_GLD_ALL,educy,zero_share,0.06263186138657531,no
MEX_2025_ENOE_V01_M_V07_A_GLD_ALL,educy,mean,9.202365839883521,no
MEX_2025_ENOE_V01_M_V07_A_GLD_ALL,educy,sd,4.8902372343738785,no
MEX_2025_ENOE_V01_M_V07_A_GLD_ALL,educy,max,22.0,no
MEX_2025_ENOE_V01_M_V07_A_GLD_ALL,educy,min,0.0,no
MEX_2025_ENOE_V01_M_V07_A_GLD_ALL,educy,num,385994.0,no
MEX_2025_ENOE_V01_M_V07_A_GLD_ALL,educy,skewness,-0.10851260297292284,no
MEX_2025_ENOE_V01_M_V07_A_GLD_ALL,educy,kurtosis,-0.6691856527665889,no
MEX_2025_ENOE_V01_M_V07_A_GLD_ALL,educy,p01,0.0,no
MEX_2025_ENOE_V01_M_V07_A_GLD_ALL,educy,p05,0.0,no
MEX_2025_ENOE_V01_M_V07_A_GLD_ALL,educy,p10,2.0,no
MEX_2025_ENOE_V01_M_V07_A_GLD_ALL,educy,p25,6.0,no
MEX_2025_ENOE_V01_M_V07_A_GLD_ALL,educy,p50,9.0,no
MEX_2025_ENOE_V01_M_V07_A_GLD_ALL,educy,p75,12.0,no
MEX_2025_ENOE_V01_M_V07_A_GLD_ALL,educy,p90,16.0,no
MEX_2025_ENOE_V01_M_V07_A_GLD_ALL,educy,p95,17.0,no
MEX_2025_ENOE_V01_M_V07_A_GLD_ALL,educy,p99,19.0,no
MEX_2025_ENOE_V01_M_V07_A_GLD_ALL,educy,missing_share_w,0.054286827967903906,yes
MEX_2025_ENOE_V01_M_V07_A_GLD_ALL,educy,zero_share_w,0.0674501128508058,yes
MEX_2025_ENOE_V01_M_V07_A_GLD_ALL,educy,mean_w,8.945387408214485,yes
MEX_2025_ENOE_V01_M_V07_A_GLD_ALL,educy,sd_w,4.8588816086939595,yes
MEX_2025_ENOE_V01_M_V07_A_GLD_ALL,educy,p01_w,0.0,yes
MEX_2025_ENOE_V01_M_V07_A_GLD_ALL,educy,p05_w,0.0,yes
MEX_2025_ENOE_V01_M_V07_A_GLD_ALL,educy,p10_w,2.0,yes
MEX_2025_ENOE_V01_M_V07_A_GLD_ALL,educy,p25_w,6.0,yes
MEX_2025_ENOE_V01_M_V07_A_GLD_ALL,educy,p50_w,9.0,yes
MEX_2025_ENOE_V01_M_V07_A_GLD_ALL,educy,p75_w,12.0,yes
MEX_2025_ENOE_V01_M_V07_A_GLD_ALL,educy,p90_w,16.0,yes
MEX_2025_ENOE_V01_M_V07_A_GLD_ALL,educy,p95_w,17.0,yes
MEX_2025_ENOE_V01_M_V07_A_GLD_ALL,educy,p99_w,19.0,yes
MEX_2025_ENOE_V01_M_V07_A_GLD_ALL,educat7,missing_share,0.053545830791058055,no
MEX_2025_ENOE_V01_M_V07_A_GLD_ALL,educat7,non_missing_n,386247.0,no
MEX_2025_ENOE_V01_M_V07_A_GLD_ALL,educat7,zero_share,0.0,no
MEX_2025_ENOE_V01_M_V07_A_GLD_ALL,educat7,mean,4.213371236540349,no
MEX_2025_ENOE_V01_M_V07_A_GLD_ALL,educat7,sd,1.803094231892185,no
MEX_2025_ENOE_V01_M_V07_A_GLD_ALL,educat7,max,7.0,no
MEX_2025_ENOE_V01_M_V07_A_GLD_ALL,educat7,min,1.0,no
MEX_2025_ENOE_V01_M_V07_A_GLD_ALL,educat7,num,386247.0,no
MEX_2025_ENOE_V01_M_V07_A_GLD_ALL,educat7,skewness,0.10930049889923887,no
MEX_2025_ENOE_V01_M_V07_A_GLD_ALL,educat7,kurtosis,-0.8413079245501658,no
MEX_2025_ENOE_V01_M_V07_A_GLD_ALL,educat7,p01,1.0,no
MEX_2025_ENOE_V01_M_V07_A_GLD_ALL,educat7,p05,1.0,no
MEX_2025_ENOE_V01_M_V07_A_GLD_ALL,educat7,p10,2.0,no
MEX_2025_ENOE_V01_M_V07_A_GLD_ALL,educat7,p25,3.0,no
MEX_2025_ENOE_V01_M_V07_A_GLD_ALL,educat7,p50,4.0,no
MEX_2025_ENOE_V01_M_V07_A_GLD_ALL,educat7,p75,5.0,no
MEX_2025_ENOE_V01_M_V07_A_GLD_ALL,educat7,p90,7.0,no
MEX_2025_ENOE_V01_M_V07_A_GLD_ALL,educat7,p95,7.0,no
MEX_2025_ENOE_V01_M_V07_A_GLD_ALL,educat7,p99,7.0,no
MEX_2025_ENOE_V01_M_V07_A_GLD_ALL,educat7,missing_share_w,0.05380913196080635,yes
MEX_2025_ENOE_V01_M_V07_A_GLD_ALL,educat7,zero_share_w,0.0,yes
MEX_2025_ENOE_V01_M_V07_A_GLD_ALL,educat7,mean_w,4.119687154046279,yes
MEX_2025_ENOE_V01_M_V07_A_GLD_ALL,educat7,sd_w,1.7904244001588085,yes
MEX_2025_ENOE_V01_M_V07_A_GLD_ALL,educat7,p01_w,1.0,yes
MEX_2025_ENOE_V01_M_V07_A_GLD_ALL,educat7,p05_w,1.0,yes
MEX_2025_ENOE_V01_M_V07_A_GLD_ALL,educat7,p10_w,2.0,yes
MEX_2025_ENOE_V01_M_V07_A_GLD_ALL,educat7,p25_w,3.0,yes
MEX_2025_ENOE_V01_M_V07_A_GLD_ALL,educat7,p50_w,4.0,yes
MEX_2025_ENOE_V01_M_V07_A_GLD_ALL,educat7,p75_w,5.0,yes
MEX_2025_ENOE_V01_M_V07_A_GLD_ALL,educat7,p90_w,7.0,yes
MEX_2025_ENOE_V01_M_V07_A_GLD_ALL,educat7,p95_w,7.0,yes
MEX_2025_ENOE_V01_M_V07_A_GLD_ALL,educat7,p99_w,7.0,yes
MEX_2025_ENOE_V01_M_V07_A_GLD_ALL,educat5,missing_share,0.053545830791058055,no
MEX_2025_ENOE_V01_M_V07_A_GLD_ALL,educat5,non_missing_n,386247.0,no
MEX_2025_ENOE_V01_M_V07_A_GLD_ALL,educat5,zero_share,0.0,no
MEX_2025_ENOE_V01_M_V07_A_GLD_ALL,educat5,mean,3.3346563209552436,no
MEX_2025_ENOE_V01_M_V07_A_GLD_ALL,educat5,sd,1.1592160045416438,no
MEX_2025_ENOE_V01_M_V07_A_GLD_ALL,educat5,max,5.0,no
MEX_2025_ENOE_V01_M_V07_A_GLD_ALL,educat5,min,1.0,no
MEX_2025_ENOE_V01_M_V07_A_GLD_ALL,educat5,num,386247.0,no
MEX_2025_ENOE_V01_M_V07_A_GLD_ALL,educat5,skewness,-0.05583303462047582,no
MEX_2025_ENOE_V01_M_V07_A_GLD_ALL,educat5,kurtosis,-0.6880280779584291,no
MEX_2025_ENOE_V01_M_V07_A_GLD_ALL,educat5,p01,1.0,no
MEX_2025_ENOE_V01_M_V07_A_GLD_ALL,educat5,p05,1.0,no
MEX_2025_ENOE_V01_M_V07_A_GLD_ALL,educat5,p10,2.0,no
MEX_2025_ENOE_V01_M_V07_A_GLD_ALL,educat5,p25,3.0,no
MEX_2025_ENOE_V01_M_V07_A_GLD_ALL,educat5,p50,3.0,no
MEX_2025_ENOE_V01_M_V07_A_GLD_ALL,educat5,p75,4.0,no
MEX_2025_ENOE_V01_M_V07_A_GLD_ALL,educat5,p90,5.0,no
MEX_2025_ENOE_V01_M_V07_A_GLD_ALL,educat5,p95,5.0,no
MEX_2025_ENOE_V01_M_V07_A_GLD_ALL,educat5,p99,5.0,no
MEX_2025_ENOE_V01_M_V07_A_GLD_ALL,educat5,missing_share_w,0.05380913196080635,yes
MEX_2025_ENOE_V01_M_V07_A_GLD_ALL,educat5,zero_share_w,0.0,yes
MEX_2025_ENOE_V01_M_V07_A_GLD_ALL,educat5,mean_w,3.27895433024844,yes
MEX_2025_ENOE_V01_M_V07_A_GLD_ALL,educat5,sd_w,1.1539477467641184,yes
MEX_2025_ENOE_V01_M_V07_A_GLD_ALL,educat5,p01_w,1.0,yes
MEX_2025_ENOE_V01_M_V07_A_GLD_ALL,educat5,p05_w,1.0,yes
MEX_2025_ENOE_V01_M_V07_A_GLD_ALL,educat5,p10_w,2.0,yes
MEX_2025_ENOE_V01_M_V07_A_GLD_ALL,educat5,p25_w,3.0,yes
MEX_2025_ENOE_V01_M_V07_A_GLD_ALL,educat5,p50_w,3.0,yes
MEX_2025_ENOE_V01_M_V07_A_GLD_ALL,educat5,p75_w,4.0,yes
MEX_2025_ENOE_V01_M_V07_A_GLD_ALL,educat5,p90_w,5.0,yes
MEX_2025_ENOE_V01_M_V07_A_GLD_ALL,educat5,p95_w,5.0,yes
MEX_2025_ENOE_V01_M_V07_A_GLD_ALL,educat5,p99_w,5.0,yes
MEX_2025_ENOE_V01_M_V07_A_GLD_ALL,educat4,missing_share,0.053545830791058055,no
MEX_2025_ENOE_V01_M_V07_A_GLD_ALL,educat4,non_missing_n,386247.0,no
MEX_2025_ENOE_V01_M_V07_A_GLD_ALL,educat4,zero_share,0.0,no
MEX_2025_ENOE_V01_M_V07_A_GLD_ALL,educat4,mean,2.535861767211137,no
MEX_2025_ENOE_V01_M_V07_A_GLD_ALL,educat4,sd,0.9138224438827214,no
MEX_2025_ENOE_V01_M_V07_A_GLD_ALL,educat4,max,4.0,no
MEX_2025_ENOE_V01_M_V07_A_GLD_ALL,educat4,min,1.0,no
MEX_2025_ENOE_V01_M_V07_A_GLD_ALL,educat4,num,386247.0,no
MEX_2025_ENOE_V01_M_V07_A_GLD_ALL,educat4,skewness,0.5262206394099856,no
MEX_2025_ENOE_V01_M_V07_A_GLD_ALL,educat4,kurtosis,-0.9001037390015871,no
MEX_2025_ENOE_V01_M_V07_A_GLD_ALL,educat4,p01,1.0,no
MEX_2025_ENOE_V01_M_V07_A_GLD_ALL,educat4,p05,1.0,no
MEX_2025_ENOE_V01_M_V07_A_GLD_ALL,educat4,p10,2.0,no
MEX_2025_ENOE_V01_M_V07_A_GLD_ALL,educat4,p25,2.0,no
MEX_2025_ENOE_V01_M_V07_A_GLD_ALL,educat4,p50,2.0,no
MEX_2025_ENOE_V01_M_V07_A_GLD_ALL,educat4,p75,3.0,no
MEX_2025_ENOE_V01_M_V07_A_GLD_ALL,educat4,p90,4.0,no
MEX_2025_ENOE_V01_M_V07_A_GLD_ALL,educat4,p95,4.0,no
MEX_2025_ENOE_V01_M_V07_A_GLD_ALL,educat4,p99,4.0,no
MEX_2025_ENOE_V01_M_V07_A_GLD_ALL,educat4,missing_share_w,0.05380913196080635,yes
MEX_2025_ENOE_V01_M_V07_A_GLD_ALL,educat4,zero_share_w,0.0,yes
MEX_2025_ENOE_V01_M_V07_A_GLD_ALL,educat4,mean_w,2.492544668312575,yes
MEX_2025_ENOE_V01_M_V07_A_GLD_ALL,educat4,sd_w,0.9003601705043379,yes
MEX_2025_ENOE_V01_M_V07_A_GLD_ALL,educat4,p01_w,1.0,yes
MEX_2025_ENOE_V01_M_V07_A_GLD_ALL,educat4,p05_w,1.0,yes
MEX_2025_ENOE_V01_M_V07_A_GLD_ALL,educat4,p10_w,2.0,yes
MEX_2025_ENOE_V01_M_V07_A_GLD_ALL,educat4,p25_w,2.0,yes
MEX_2025_ENOE_V01_M_V07_A_GLD_ALL,educat4,p50_w,2.0,yes
MEX_2025_ENOE_V01_M_V07_A_GLD_ALL,educat4,p75_w,3.0,yes
MEX_2025_ENOE_V01_M_V07_A_GLD_ALL,educat4,p90_w,4.0,yes
MEX_2025_ENOE_V01_M_V07_A_GLD_ALL,educat4,p95_w,4.0,yes
MEX_2025_ENOE_V01_M_V07_A_GLD_ALL,educat4,p99_w,4.0,yes
MEX_2025_ENOE_V01_M_V07_A_GLD_ALL,minlaborage,missing_share,0.15652574497854688,no
MEX_2025_ENOE_V01_M_V07_A_GLD_ALL,minlaborage,non_missing_n,344221.0,no
MEX_2025_ENOE_V01_M_V07_A_GLD_ALL,minlaborage,zero_share,0.0,no
MEX_2025_ENOE_V01_M_V07_A_GLD_ALL,minlaborage,mean,12.0,no
MEX_2025_ENOE_V01_M_V07_A_GLD_ALL,minlaborage,sd,0.0,no
MEX_2025_ENOE_V01_M_V07_A_GLD_ALL,minlaborage,max,12.0,no
MEX_2025_ENOE_V01_M_V07_A_GLD_ALL,minlaborage,min,12.0,no
MEX_2025_ENOE_V01_M_V07_A_GLD_ALL,minlaborage,num,344221.0,no
MEX_2025_ENOE_V01_M_V07_A_GLD_ALL,minlaborage,skewness,0.0,no
MEX_2025_ENOE_V01_M_V07_A_GLD_ALL,minlaborage,kurtosis,0.0,no
MEX_2025_ENOE_V01_M_V07_A_GLD_ALL,minlaborage,p01,12.0,no
MEX_2025_ENOE_V01_M_V07_A_GLD_ALL,minlaborage,p05,12.0,no
MEX_2025_ENOE_V01_M_V07_A_GLD_ALL,minlaborage,p10,12.0,no
MEX_2025_ENOE_V01_M_V07_A_GLD_ALL,minlaborage,p25,12.0,no
MEX_2025_ENOE_V01_M_V07_A_GLD_ALL,minlaborage,p50,12.0,no
MEX_2025_ENOE_V01_M_V07_A_GLD_ALL,minlaborage,p75,12.0,no
MEX_2025_ENOE_V01_M_V07_A_GLD_ALL,minlaborage,p90,12.0,no
MEX_2025_ENOE_V01_M_V07_A_GLD_ALL,minlaborage,p95,12.0,no
MEX_2025_ENOE_V01_M_V07_A_GLD_ALL,minlaborage,p99,12.0,no
MEX_2025_ENOE_V01_M_V07_A_GLD_ALL,minlaborage,missing_share_w,0.15865301252564443,yes
MEX_2025_ENOE_V01_M_V07_A_GLD_ALL,minlaborage,zero_share_w,0.0,yes
MEX_2025_ENOE_V01_M_V07_A_GLD_ALL,minlaborage,mean_w,12.0,yes
MEX_2025_ENOE_V01_M_V07_A_GLD_ALL,minlaborage,sd_w,0.0,yes
MEX_2025_ENOE_V01_M_V07_A_GLD_ALL,minlaborage,p01_w,12.0,yes
MEX_2025_ENOE_V01_M_V07_A_GLD_ALL,minlaborage,p05_w,12.0,yes
MEX_2025_ENOE_V01_M_V07_A_GLD_ALL,minlaborage,p10_w,12.0,yes
MEX_2025_ENOE_V01_M_V07_A_GLD_ALL,minlaborage,p25_w,12.0,yes
MEX_2025_ENOE_V01_M_V07_A_GLD_ALL,minlaborage,p50_w,12.0,yes
MEX_2025_ENOE_V01_M_V07_A_GLD_ALL,minlaborage,p75_w,12.0,yes
MEX_2025_ENOE_V01_M_V07_A_GLD_ALL,minlaborage,p90_w,12.0,yes
MEX_2025_ENOE_V01_M_V07_A_GLD_ALL,minlaborage,p95_w,12.0,yes
MEX_2025_ENOE_V01_M_V07_A_GLD_ALL,minlaborage,p99_w,12.0,yes
MEX_2025_ENOE_V01_M_V07_A_GLD_ALL,lstatus,missing_share,0.15666051619827542,no
MEX_2025_ENOE_V01_M_V07_A_GLD_ALL,lstatus,non_missing_n,344166.0,no
MEX_2025_ENOE_V01_M_V07_A_GLD_ALL,lstatus,zero_share,0.0,no
MEX_2025_ENOE_V01_M_V07_A_GLD_ALL,lstatus,mean,1.8719629481122482,no
MEX_2025_ENOE_V01_M_V07_A_GLD_ALL,lstatus,sd,0.9837373005643496,no
MEX_2025_ENOE_V01_M_V07_A_GLD_ALL,lstatus,max,3.0,no
MEX_2025_ENOE_V01_M_V07_A_GLD_ALL,lstatus,min,1.0,no
MEX_2025_ENOE_V01_M_V07_A_GLD_ALL,lstatus,num,344166.0,no
MEX_2025_ENOE_V01_M_V07_A_GLD_ALL,lstatus,skewness,0.2581744686355596,no
MEX_2025_ENOE_V01_M_V07_A_GLD_ALL,lstatus,kurtosis,-1.916684333750716,no
MEX_2025_ENOE_V01_M_V07_A_GLD_ALL,lstatus,p01,1.0,no
MEX_2025_ENOE_V01_M_V07_A_GLD_ALL,lstatus,p05,1.0,no
MEX_2025_ENOE_V01_M_V07_A_GLD_ALL,lstatus,p10,1.0,no
MEX_2025_ENOE_V01_M_V07_A_GLD_ALL,lstatus,p25,1.0,no
MEX_2025_ENOE_V01_M_V07_A_GLD_ALL,lstatus,p50,1.0,no
MEX_2025_ENOE_V01_M_V07_A_GLD_ALL,lstatus,p75,3.0,no
MEX_2025_ENOE_V01_M_V07_A_GLD_ALL,lstatus,p90,3.0,no
MEX_2025_ENOE_V01_M_V07_A_GLD_ALL,lstatus,p95,3.0,no
MEX_2025_ENOE_V01_M_V07_A_GLD_ALL,lstatus,p99,3.0,no
MEX_2025_ENOE_V01_M_V07_A_GLD_ALL,lstatus,missing_share_w,0.15877934674187452,yes
MEX_2025_ENOE_V01_M_V07_A_GLD_ALL,lstatus,zero_share_w,0.0,yes
MEX_2025_ENOE_V01_M_V07_A_GLD_ALL,lstatus,mean_w,1.892187151419327,yes
MEX_2025_ENOE_V01_M_V07_A_GLD_ALL,lstatus,sd_w,0.9863597398265346,yes
MEX_2025_ENOE_V01_M_V07_A_GLD_ALL,lstatus,p01_w,1.0,yes
MEX_2025_ENOE_V01_M_V07_A_GLD_ALL,lstatus,p05_w,1.0,yes
MEX_2025_ENOE_V01_M_V07_A_GLD_ALL,lstatus,p10_w,1.0,yes
MEX_2025_ENOE_V01_M_V07_A_GLD_ALL,lstatus,p25_w,1.0,yes
MEX_2025_ENOE_V01_M_V07_A_GLD_ALL,lstatus,p50_w,1.0,yes
MEX_2025_ENOE_V01_M_V07_A_GLD_ALL,lstatus,p75_w,3.0,yes
MEX_2025_ENOE_V01_M_V07_A_GLD_ALL,lstatus,p90_w,3.0,yes
MEX_2025_ENOE_V01_M_V07_A_GLD_ALL,lstatus,p95_w,3.0,yes
MEX_2025_ENOE_V01_M_V07_A_GLD_ALL,lstatus,p99_w,3.0,yes
MEX_2025_ENOE_V01_M_V07_A_GLD_ALL,potential_lf,missing_share,0.0,no
MEX_2025_ENOE_V01_M_V07_A_GLD_ALL,potential_lf,non_missing_n,408099.0,no
MEX_2025_ENOE_V01_M_V07_A_GLD_ALL,potential_lf,zero_share,0.639011612378369,no
MEX_2025_ENOE_V01_M_V07_A_GLD_ALL,potential_lf,mean,0.36098838762163105,no
MEX_2025_ENOE_V01_M_V07_A_GLD_ALL,potential_lf,sd,0.48028776464739287,no
MEX_2025_ENOE_V01_M_V07_A_GLD_ALL,potential_lf,max,1.0,no
MEX_2025_ENOE_V01_M_V07_A_GLD_ALL,potential_lf,min,0.0,no
MEX_2025_ENOE_V01_M_V07_A_GLD_ALL,potential_lf,num,408099.0,no
MEX_2025_ENOE_V01_M_V07_A_GLD_ALL,potential_lf,skewness,0.5788708515109907,no
MEX_2025_ENOE_V01_M_V07_A_GLD_ALL,potential_lf,kurtosis,-1.6649166966714655,no
MEX_2025_ENOE_V01_M_V07_A_GLD_ALL,potential_lf,p01,0.0,no
MEX_2025_ENOE_V01_M_V07_A_GLD_ALL,potential_lf,p05,0.0,no
MEX_2025_ENOE_V01_M_V07_A_GLD_ALL,potential_lf,p10,0.0,no
MEX_2025_ENOE_V01_M_V07_A_GLD_ALL,potential_lf,p25,0.0,no
MEX_2025_ENOE_V01_M_V07_A_GLD_ALL,potential_lf,p50,0.0,no
MEX_2025_ENOE_V01_M_V07_A_GLD_ALL,potential_lf,p75,1.0,no
MEX_2025_ENOE_V01_M_V07_A_GLD_ALL,potential_lf,p90,1.0,no
MEX_2025_ENOE_V01_M_V07_A_GLD_ALL,potential_lf,p95,1.0,no
MEX_2025_ENOE_V01_M_V07_A_GLD_ALL,potential_lf,p99,1.0,no
MEX_2025_ENOE_V01_M_V07_A_GLD_ALL,potential_lf,missing_share_w,0.0,yes
MEX_2025_ENOE_V01_M_V07_A_GLD_ALL,potential_lf,zero_share_w,0.6312440714997314,yes
MEX_2025_ENOE_V01_M_V07_A_GLD_ALL,potential_lf,mean_w,0.36875592850026867,yes
MEX_2025_ENOE_V01_M_V07_A_GLD_ALL,potential_lf,sd_w,0.48246760896061563,yes
MEX_2025_ENOE_V01_M_V07_A_GLD_ALL,potential_lf,p01_w,0.0,yes
MEX_2025_ENOE_V01_M_V07_A_GLD_ALL,potential_lf,p05_w,0.0,yes
MEX_2025_ENOE_V01_M_V07_A_GLD_ALL,potential_lf,p10_w,0.0,yes
MEX_2025_ENOE_V01_M_V07_A_GLD_ALL,potential_lf,p25_w,0.0,yes
MEX_2025_ENOE_V01_M_V07_A_GLD_ALL,potential_lf,p50_w,0.0,yes
MEX_2025_ENOE_V01_M_V07_A_GLD_ALL,potential_lf,p75_w,1.0,yes
MEX_2025_ENOE_V01_M_V07_A_GLD_ALL,potential_lf,p90_w,1.0,yes
MEX_2025_ENOE_V01_M_V07_A_GLD_ALL,potential_lf,p95_w,1.0,yes
MEX_2025_ENOE_V01_M_V07_A_GLD_ALL,potential_lf,p99_w,1.0,yes
MEX_2025_ENOE_V01_M_V07_A_GLD_ALL,underemployment,missing_share,0.9913525884650538,no
MEX_2025_ENOE_V01_M_V07_A_GLD_ALL,underemployment,non_missing_n,3529.0,no
MEX_2025_ENOE_V01_M_V07_A_GLD_ALL,underemployment,zero_share,0.0,no
MEX_2025_ENOE_V01_M_V07_A_GLD_ALL,underemployment,mean,1.0,no
MEX_2025_ENOE_V01_M_V07_A_GLD_ALL,underemployment,sd,0.0,no
MEX_2025_ENOE_V01_M_V07_A_GLD_ALL,underemployment,max,1.0,no
MEX_2025_ENOE_V01_M_V07_A_GLD_ALL,underemployment,min,1.0,no
MEX_2025_ENOE_V01_M_V07_A_GLD_ALL,underemployment,num,3529.0,no
MEX_2025_ENOE_V01_M_V07_A_GLD_ALL,underemployment,skewness,0.0,no
MEX_2025_ENOE_V01_M_V07_A_GLD_ALL,underemployment,kurtosis,0.0,no
MEX_2025_ENOE_V01_M_V07_A_GLD_ALL,underemployment,p01,1.0,no
MEX_2025_ENOE_V01_M_V07_A_GLD_ALL,underemployment,p05,1.0,no
MEX_2025_ENOE_V01_M_V07_A_GLD_ALL,underemployment,p10,1.0,no
MEX_2025_ENOE_V01_M_V07_A_GLD_ALL,underemployment,p25,1.0,no
MEX_2025_ENOE_V01_M_V07_A_GLD_ALL,underemployment,p50,1.0,no
MEX_2025_ENOE_V01_M_V07_A_GLD_ALL,underemployment,p75,1.0,no
MEX_2025_ENOE_V01_M_V07_A_GLD_ALL,underemployment,p90,1.0,no
MEX_2025_ENOE_V01_M_V07_A_GLD_ALL,underemployment,p95,1.0,no
MEX_2025_ENOE_V01_M_V07_A_GLD_ALL,underemployment,p99,1.0,no
MEX_2025_ENOE_V01_M_V07_A_GLD_ALL,underemployment,missing_share_w,0.9920499518926175,yes
MEX_2025_ENOE_V01_M_V07_A_GLD_ALL,underemployment,zero_share_w,0.0,yes
MEX_2025_ENOE_V01_M_V07_A_GLD_ALL,underemployment,mean_w,1.0,yes
MEX_2025_ENOE_V01_M_V07_A_GLD_ALL,underemployment,sd_w,0.0,yes
MEX_2025_ENOE_V01_M_V07_A_GLD_ALL,underemployment,p01_w,1.0,yes
MEX_2025_ENOE_V01_M_V07_A_GLD_ALL,underemployment,p05_w,1.0,yes
MEX_2025_ENOE_V01_M_V07_A_GLD_ALL,underemployment,p10_w,1.0,yes
MEX_2025_ENOE_V01_M_V07_A_GLD_ALL,underemployment,p25_w,1.0,yes
MEX_2025_ENOE_V01_M_V07_A_GLD_ALL,underemployment,p50_w,1.0,yes
MEX_2025_ENOE_V01_M_V07_A_GLD_ALL,underemployment,p75_w,1.0,yes
MEX_2025_ENOE_V01_M_V07_A_GLD_ALL,underemployment,p90_w,1.0,yes
MEX_2025_ENOE_V01_M_V07_A_GLD_ALL,underemployment,p95_w,1.0,yes
MEX_2025_ENOE_V01_M_V07_A_GLD_ALL,underemployment,p99_w,1.0,yes
MEX_2025_ENOE_V01_M_V07_A_GLD_ALL,nlfreason,missing_share,0.6390851239527664,no
MEX_2025_ENOE_V01_M_V07_A_GLD_ALL,nlfreason,non_missing_n,147289.0,no
MEX_2025_ENOE_V01_M_V07_A_GLD_ALL,nlfreason,zero_share,0.0,no
MEX_2025_ENOE_V01_M_V07_A_GLD_ALL,nlfreason,mean,2.083210558833314,no
MEX_2025_ENOE_V01_M_V07_A_GLD_ALL,nlfreason,sd,1.1354906690369952,no
MEX_2025_ENOE_V01_M_V07_A_GLD_ALL,nlfreason,max,5.0,no
MEX_2025_ENOE_V01_M_V07_A_GLD_ALL,nlfreason,min,1.0,no
MEX_2025_ENOE_V01_M_V07_A_GLD_ALL,nlfreason,num,147289.0,no
MEX_2025_ENOE_V01_M_V07_A_GLD_ALL,nlfreason,skewness,1.3453092932452138,no
MEX_2025_ENOE_V01_M_V07_A_GLD_ALL,nlfreason,kurtosis,1.3001560894270283,no
MEX_2025_ENOE_V01_M_V07_A_GLD_ALL,nlfreason,p01,1.0,no
MEX_2025_ENOE_V01_M_V07_A_GLD_ALL,nlfreason,p05,1.0,no
MEX_2025_ENOE_V01_M_V07_A_GLD_ALL,nlfreason,p10,1.0,no
MEX_2025_ENOE_V01_M_V07_A_GLD_ALL,nlfreason,p25,1.0,no
MEX_2025_ENOE_V01_M_V07_A_GLD_ALL,nlfreason,p50,2.0,no
MEX_2025_ENOE_V01_M_V07_A_GLD_ALL,nlfreason,p75,2.0,no
MEX_2025_ENOE_V01_M_V07_A_GLD_ALL,nlfreason,p90,4.0,no
MEX_2025_ENOE_V01_M_V07_A_GLD_ALL,nlfreason,p95,5.0,no
MEX_2025_ENOE_V01_M_V07_A_GLD_ALL,nlfreason,p99,5.0,no
MEX_2025_ENOE_V01_M_V07_A_GLD_ALL,nlfreason,missing_share_w,0.6312988723056719,yes
MEX_2025_ENOE_V01_M_V07_A_GLD_ALL,nlfreason,zero_share_w,0.0,yes
MEX_2025_ENOE_V01_M_V07_A_GLD_ALL,nlfreason,mean_w,2.0738760935372014,yes
MEX_2025_ENOE_V01_M_V07_A_GLD_ALL,nlfreason,sd_w,1.113196747349783,yes
MEX_2025_ENOE_V01_M_V07_A_GLD_ALL,nlfreason,p01_w,1.0,yes
MEX_2025_ENOE_V01_M_V07_A_GLD_ALL,nlfreason,p05_w,1.0,yes
MEX_2025_ENOE_V01_M_V07_A_GLD_ALL,nlfreason,p10_w,1.0,yes
MEX_2025_ENOE_V01_M_V07_A_GLD_ALL,nlfreason,p25_w,1.0,yes
MEX_2025_ENOE_V01_M_V07_A_GLD_ALL,nlfreason,p50_w,2.0,yes
MEX_2025_ENOE_V01_M_V07_A_GLD_ALL,nlfreason,p75_w,2.0,yes
MEX_2025_ENOE_V01_M_V07_A_GLD_ALL,nlfreason,p90_w,3.0,yes
MEX_2025_ENOE_V01_M_V07_A_GLD_ALL,nlfreason,p95_w,5.0,yes
MEX_2025_ENOE_V01_M_V07_A_GLD_ALL,nlfreason,p99_w,5.0,yes
MEX_2025_ENOE_V01_M_V07_A_GLD_ALL,unempldur_l,missing_share,0.987762773248648,no
MEX_2025_ENOE_V01_M_V07_A_GLD_ALL,unempldur_l,non_missing_n,4994.0,no
MEX_2025_ENOE_V01_M_V07_A_GLD_ALL,unempldur_l,zero_share,0.0,no
MEX_2025_ENOE_V01_M_V07_A_GLD_ALL,unempldur_l,mean,1.0,no
MEX_2025_ENOE_V01_M_V07_A_GLD_ALL,unempldur_l,sd,0.0,no
MEX_2025_ENOE_V01_M_V07_A_GLD_ALL,unempldur_l,max,1.0,no
MEX_2025_ENOE_V01_M_V07_A_GLD_ALL,unempldur_l,min,1.0,no
MEX_2025_ENOE_V01_M_V07_A_GLD_ALL,unempldur_l,num,4994.0,no
MEX_2025_ENOE_V01_M_V07_A_GLD_ALL,unempldur_l,skewness,0.0,no
MEX_2025_ENOE_V01_M_V07_A_GLD_ALL,unempldur_l,kurtosis,0.0,no
MEX_2025_ENOE_V01_M_V07_A_GLD_ALL,unempldur_l,p01,1.0,no
MEX_2025_ENOE_V01_M_V07_A_GLD_ALL,unempldur_l,p05,1.0,no
MEX_2025_ENOE_V01_M_V07_A_GLD_ALL,unempldur_l,p10,1.0,no
MEX_2025_ENOE_V01_M_V07_A_GLD_ALL,unempldur_l,p25,1.0,no
MEX_2025_ENOE_V01_M_V07_A_GLD_ALL,unempldur_l,p50,1.0,no
MEX_2025_ENOE_V01_M_V07_A_GLD_ALL,unempldur_l,p75,1.0,no
MEX_2025_ENOE_V01_M_V07_A_GLD_ALL,unempldur_l,p90,1.0,no
MEX_2025_ENOE_V01_M_V07_A_GLD_ALL,unempldur_l,p95,1.0,no
MEX_2025_ENOE_V01_M_V07_A_GLD_ALL,unempldur_l,p99,1.0,no
MEX_2025_ENOE_V01_M_V07_A_GLD_ALL,unempldur_l,missing_share_w,0.9879849824570628,yes
MEX_2025_ENOE_V01_M_V07_A_GLD_ALL,unempldur_l,zero_share_w,0.0,yes
MEX_2025_ENOE_V01_M_V07_A_GLD_ALL,unempldur_l,mean_w,1.0,yes
MEX_2025_ENOE_V01_M_V07_A_GLD_ALL,unempldur_l,sd_w,0.0,yes
MEX_2025_ENOE_V01_M_V07_A_GLD_ALL,unempldur_l,p01_w,1.0,yes
MEX_2025_ENOE_V01_M_V07_A_GLD_ALL,unempldur_l,p05_w,1.0,yes
MEX_2025_ENOE_V01_M_V07_A_GLD_ALL,unempldur_l,p10_w,1.0,yes
MEX_2025_ENOE_V01_M_V07_A_GLD_ALL,unempldur_l,p25_w,1.0,yes
MEX_2025_ENOE_V01_M_V07_A_GLD_ALL,unempldur_l,p50_w,1.0,yes
MEX_2025_ENOE_V01_M_V07_A_GLD_ALL,unempldur_l,p75_w,1.0,yes
MEX_2025_ENOE_V01_M_V07_A_GLD_ALL,unempldur_l,p90_w,1.0,yes
MEX_2025_ENOE_V01_M_V07_A_GLD_ALL,unempldur_l,p95_w,1.0,yes
MEX_2025_ENOE_V01_M_V07_A_GLD_ALL,unempldur_l,p99_w,1.0,yes
MEX_2025_ENOE_V01_M_V07_A_GLD_ALL,unempldur_u,missing_share,0.9996765490726515,no
MEX_2025_ENOE_V01_M_V07_A_GLD_ALL,unempldur_u,non_missing_n,132.0,no
MEX_2025_ENOE_V01_M_V07_A_GLD_ALL,unempldur_u,zero_share,0.0,no
MEX_2025_ENOE_V01_M_V07_A_GLD_ALL,unempldur_u,mean,1.0,no
MEX_2025_ENOE_V01_M_V07_A_GLD_ALL,unempldur_u,sd,0.0,no
MEX_2025_ENOE_V01_M_V07_A_GLD_ALL,unempldur_u,max,1.0,no
MEX_2025_ENOE_V01_M_V07_A_GLD_ALL,unempldur_u,min,1.0,no
MEX_2025_ENOE_V01_M_V07_A_GLD_ALL,unempldur_u,num,132.0,no
MEX_2025_ENOE_V01_M_V07_A_GLD_ALL,unempldur_u,skewness,0.0,no
MEX_2025_ENOE_V01_M_V07_A_GLD_ALL,unempldur_u,kurtosis,0.0,no
MEX_2025_ENOE_V01_M_V07_A_GLD_ALL,unempldur_u,p01,1.0,no
MEX_2025_ENOE_V01_M_V07_A_GLD_ALL,unempldur_u,p05,1.0,no
MEX_2025_ENOE_V01_M_V07_A_GLD_ALL,unempldur_u,p10,1.0,no
MEX_2025_ENOE_V01_M_V07_A_GLD_ALL,unempldur_u,p25,1.0,no
MEX_2025_ENOE_V01_M_V07_A_GLD_ALL,unempldur_u,p50,1.0,no
MEX_2025_ENOE_V01_M_V07_A_GLD_ALL,unempldur_u,p75,1.0,no
MEX_2025_ENOE_V01_M_V07_A_GLD_ALL,unempldur_u,p90,1.0,no
MEX_2025_ENOE_V01_M_V07_A_GLD_ALL,unempldur_u,p95,1.0,no
MEX_2025_ENOE_V01_M_V07_A_GLD_ALL,unempldur_u,p99,1.0,no
MEX_2025_ENOE_V01_M_V07_A_GLD_ALL,unempldur_u,missing_share_w,0.9996796607018673,yes
MEX_2025_ENOE_V01_M_V07_A_GLD_ALL,unempldur_u,zero_share_w,0.0,yes
MEX_2025_ENOE_V01_M_V07_A_GLD_ALL,unempldur_u,mean_w,1.0,yes
MEX_2025_ENOE_V01_M_V07_A_GLD_ALL,unempldur_u,sd_w,0.0,yes
MEX_2025_ENOE_V01_M_V07_A_GLD_ALL,unempldur_u,p01_w,1.0,yes
MEX_2025_ENOE_V01_M_V07_A_GLD_ALL,unempldur_u,p05_w,1.0,yes
MEX_2025_ENOE_V01_M_V07_A_GLD_ALL,unempldur_u,p10_w,1.0,yes
MEX_2025_ENOE_V01_M_V07_A_GLD_ALL,unempldur_u,p25_w,1.0,yes
MEX_2025_ENOE_V01_M_V07_A_GLD_ALL,unempldur_u,p50_w,1.0,yes
MEX_2025_ENOE_V01_M_V07_A_GLD_ALL,unempldur_u,p75_w,1.0,yes
MEX_2025_ENOE_V01_M_V07_A_GLD_ALL,unempldur_u,p90_w,1.0,yes
MEX_2025_ENOE_V01_M_V07_A_GLD_ALL,unempldur_u,p95_w,1.0,yes
MEX_2025_ENOE_V01_M_V07_A_GLD_ALL,unempldur_u,p99_w,1.0,yes
MEX_2025_ENOE_V01_M_V07_A_GLD_ALL,empstat,missing_share,0.5331475940886893,no
MEX_2025_ENOE_V01_M_V07_A_GLD_ALL,empstat,non_missing_n,190522.0,no
MEX_2025_ENOE_V01_M_V07_A_GLD_ALL,empstat,zero_share,0.0,no
MEX_2025_ENOE_V01_M_V07_A_GLD_ALL,empstat,mean,1.7487219323752639,no
MEX_2025_ENOE_V01_M_V07_A_GLD_ALL,empstat,sd,1.2262499356103662,no
MEX_2025_ENOE_V01_M_V07_A_GLD_ALL,empstat,max,4.0,no
MEX_2025_ENOE_V01_M_V07_A_GLD_ALL,empstat,min,1.0,no
MEX_2025_ENOE_V01_M_V07_A_GLD_ALL,empstat,num,190522.0,no
MEX_2025_ENOE_V01_M_V07_A_GLD_ALL,empstat,skewness,1.1347198950633945,no
MEX_2025_ENOE_V01_M_V07_A_GLD_ALL,empstat,kurtosis,-0.5743615959522357,no
MEX_2025_ENOE_V01_M_V07_A_GLD_ALL,empstat,p01,1.0,no
MEX_2025_ENOE_V01_M_V07_A_GLD_ALL,empstat,p05,1.0,no
MEX_2025_ENOE_V01_M_V07_A_GLD_ALL,empstat,p10,1.0,no
MEX_2025_ENOE_V01_M_V07_A_GLD_ALL,empstat,p25,1.0,no
MEX_2025_ENOE_V01_M_V07_A_GLD_ALL,empstat,p50,1.0,no
MEX_2025_ENOE_V01_M_V07_A_GLD_ALL,empstat,p75,3.0,no
MEX_2025_ENOE_V01_M_V07_A_GLD_ALL,empstat,p90,4.0,no
MEX_2025_ENOE_V01_M_V07_A_GLD_ALL,empstat,p95,4.0,no
MEX_2025_ENOE_V01_M_V07_A_GLD_ALL,empstat,p99,4.0,no
MEX_2025_ENOE_V01_M_V07_A_GLD_ALL,empstat,missing_share_w,0.5424039193744039,yes
MEX_2025_ENOE_V01_M_V07_A_GLD_ALL,empstat,zero_share_w,0.0,yes
MEX_2025_ENOE_V01_M_V07_A_GLD_ALL,empstat,mean_w,1.7997321750662576,yes
MEX_2025_ENOE_V01_M_V07_A_GLD_ALL,empstat,sd_w,1.2545211695416703,yes
MEX_2025_ENOE_V01_M_V07_A_GLD_ALL,empstat,p01_w,1.0,yes
MEX_2025_ENOE_V01_M_V07_A_GLD_ALL,empstat,p05_w,1.0,yes
MEX_2025_ENOE_V01_M_V07_A_GLD_ALL,empstat,p10_w,1.0,yes
MEX_2025_ENOE_V01_M_V07_A_GLD_ALL,empstat,p25_w,1.0,yes
MEX_2025_ENOE_V01_M_V07_A_GLD_ALL,empstat,p50_w,1.0,yes
MEX_2025_ENOE_V01_M_V07_A_GLD_ALL,empstat,p75_w,3.0,yes
MEX_2025_ENOE_V01_M_V07_A_GLD_ALL,empstat,p90_w,4.0,yes
MEX_2025_ENOE_V01_M_V07_A_GLD_ALL,empstat,p95_w,4.0,yes
MEX_2025_ENOE_V01_M_V07_A_GLD_ALL,empstat,p99_w,4.0,yes
MEX_2025_ENOE_V01_M_V07_A_GLD_ALL,ocusec,missing_share,0.5885214126964291,no
MEX_2025_ENOE_V01_M_V07_A_GLD_ALL,ocusec,non_missing_n,167924.0,no
MEX_2025_ENOE_V01_M_V07_A_GLD_ALL,ocusec,zero_share,0.0,no
MEX_2025_ENOE_V01_M_V07_A_GLD_ALL,ocusec,mean,1.872031395154951,no
MEX_2025_ENOE_V01_M_V07_A_GLD_ALL,ocusec,sd,0.3679213315297242,no
MEX_2025_ENOE_V01_M_V07_A_GLD_ALL,ocusec,max,4.0,no
MEX_2025_ENOE_V01_M_V07_A_GLD_ALL,ocusec,min,1.0,no
MEX_2025_ENOE_V01_M_V07_A_GLD_ALL,ocusec,num,167924.0,no
MEX_2025_ENOE_V01_M_V07_A_GLD_ALL,ocusec,skewness,-1.4789285428427217,no
MEX_2025_ENOE_V01_M_V07_A_GLD_ALL,ocusec,kurtosis,2.5104739057099077,no
MEX_2025_ENOE_V01_M_V07_A_GLD_ALL,ocusec,p01,1.0,no
MEX_2025_ENOE_V01_M_V07_A_GLD_ALL,ocusec,p05,1.0,no
MEX_2025_ENOE_V01_M_V07_A_GLD_ALL,ocusec,p10,1.0,no
MEX_2025_ENOE_V01_M_V07_A_GLD_ALL,ocusec,p25,2.0,no
MEX_2025_ENOE_V01_M_V07_A_GLD_ALL,ocusec,p50,2.0,no
MEX_2025_ENOE_V01_M_V07_A_GLD_ALL,ocusec,p75,2.0,no
MEX_2025_ENOE_V01_M_V07_A_GLD_ALL,ocusec,p90,2.0,no
MEX_2025_ENOE_V01_M_V07_A_GLD_ALL,ocusec,p95,2.0,no
MEX_2025_ENOE_V01_M_V07_A_GLD_ALL,ocusec,p99,3.0,no
MEX_2025_ENOE_V01_M_V07_A_GLD_ALL,ocusec,missing_share_w,0.6077861739268879,yes
MEX_2025_ENOE_V01_M_V07_A_GLD_ALL,ocusec,zero_share_w,0.0,yes
MEX_2025_ENOE_V01_M_V07_A_GLD_ALL,ocusec,mean_w,1.8834375647799337,yes
MEX_2025_ENOE_V01_M_V07_A_GLD_ALL,ocusec,sd_w,0.3479409947999449,yes
MEX_2025_ENOE_V01_M_V07_A_GLD_ALL,ocusec,p01_w,1.0,yes
MEX_2025_ENOE_V01_M_V07_A_GLD_ALL,ocusec,p05_w,1.0,yes
MEX_2025_ENOE_V01_M_V07_A_GLD_ALL,ocusec,p10_w,1.0,yes
MEX_2025_ENOE_V01_M_V07_A_GLD_ALL,ocusec,p25_w,2.0,yes
MEX_2025_ENOE_V01_M_V07_A_GLD_ALL,ocusec,p50_w,2.0,yes
MEX_2025_ENOE_V01_M_V07_A_GLD_ALL,ocusec,p75_w,2.0,yes
MEX_2025_ENOE_V01_M_V07_A_GLD_ALL,ocusec,p90_w,2.0,yes
MEX_2025_ENOE_V01_M_V07_A_GLD_ALL,ocusec,p95_w,2.0,yes
MEX_2025_ENOE_V01_M_V07_A_GLD_ALL,ocusec,p99_w,2.0,yes
MEX_2025_ENOE_V01_M_V07_A_GLD_ALL,industry_orig,missing_share,0.5313269574294472,no
MEX_2025_ENOE_V01_M_V07_A_GLD_ALL,industry_orig,non_missing_n,191265.0,no
MEX_2025_ENOE_V01_M_V07_A_GLD_ALL,industry_orig,zero_share,0.0,no
MEX_2025_ENOE_V01_M_V07_A_GLD_ALL,industry_orig,mean,4982.859707735341,no
MEX_2025_ENOE_V01_M_V07_A_GLD_ALL,industry_orig,sd,2227.639318986319,no
MEX_2025_ENOE_V01_M_V07_A_GLD_ALL,industry_orig,max,9999.0,no
MEX_2025_ENOE_V01_M_V07_A_GLD_ALL,industry_orig,min,1110.0,no
MEX_2025_ENOE_V01_M_V07_A_GLD_ALL,industry_orig,num,191265.0,no
MEX_2025_ENOE_V01_M_V07_A_GLD_ALL,industry_orig,skewness,0.152744380846457,no
MEX_2025_ENOE_V01_M_V07_A_GLD_ALL,industry_orig,kurtosis,-0.7293677484199712,no
MEX_2025_ENOE_V01_M_V07_A_GLD_ALL,industry_orig,p01,1110.0,no
MEX_2025_ENOE_V01_M_V07_A_GLD_ALL,industry_orig,p05,1110.0,no
MEX_2025_ENOE_V01_M_V07_A_GLD_ALL,industry_orig,p10,2361.0,no
MEX_2025_ENOE_V01_M_V07_A_GLD_ALL,industry_orig,p25,3260.0,no
MEX_2025_ENOE_V01_M_V07_A_GLD_ALL,industry_orig,p50,4671.0,no
MEX_2025_ENOE_V01_M_V07_A_GLD_ALL,industry_orig,p75,7111.0,no
MEX_2025_ENOE_V01_M_V07_A_GLD_ALL,industry_orig,p90,8121.0,no
MEX_2025_ENOE_V01_M_V07_A_GLD_ALL,industry_orig,p95,9312.0,no
MEX_2025_ENOE_V01_M_V07_A_GLD_ALL,industry_orig,p99,9314.0,no
MEX_2025_ENOE_V01_M_V07_A_GLD_ALL,industry_orig,missing_share_w,0.5407906581503512,yes
MEX_2025_ENOE_V01_M_V07_A_GLD_ALL,industry_orig,zero_share_w,0.0,yes
MEX_2025_ENOE_V01_M_V07_A_GLD_ALL,industry_orig,mean_w,4820.755430283799,yes
MEX_2025_ENOE_V01_M_V07_A_GLD_ALL,industry_orig,sd_w,2246.5147045270746,yes
MEX_2025_ENOE_V01_M_V07_A_GLD_ALL,industry_orig,p01_w,1110.0,yes
MEX_2025_ENOE_V01_M_V07_A_GLD_ALL,industry_orig,p05_w,1110.0,yes
MEX_2025_ENOE_V01_M_V07_A_GLD_ALL,industry_orig,p10_w,1121.0,yes
MEX_2025_ENOE_V01_M_V07_A_GLD_ALL,industry_orig,p25_w,3160.0,yes
MEX_2025_ENOE_V01_M_V07_A_GLD_ALL,industry_orig,p50_w,4652.0,yes
MEX_2025_ENOE_V01_M_V07_A_GLD_ALL,industry_orig,p75_w,6212.0,yes
MEX_2025_ENOE_V01_M_V07_A_GLD_ALL,industry_orig,p90_w,8121.0,yes
MEX_2025_ENOE_V01_M_V07_A_GLD_ALL,industry_orig,p95_w,8140.0,yes
MEX_2025_ENOE_V01_M_V07_A_GLD_ALL,industry_orig,p99_w,9314.0,yes
MEX_2025_ENOE_V01_M_V07_A_GLD_ALL,industrycat10,missing_share,0.5313269574294472,no
MEX_2025_ENOE_V01_M_V07_A_GLD_ALL,industrycat10,non_missing_n,191265.0,no
MEX_2025_ENOE_V01_M_V07_A_GLD_ALL,industrycat10,zero_share,0.0,no
MEX_2025_ENOE_V01_M_V07_A_GLD_ALL,industrycat10,mean,6.020714715185737,no
MEX_2025_ENOE_V01_M_V07_A_GLD_ALL,industrycat10,sd,2.668893390331329,no
MEX_2025_ENOE_V01_M_V07_A_GLD_ALL,industrycat10,max,10.0,no
MEX_2025_ENOE_V01_M_V07_A_GLD_ALL,industrycat10,min,1.0,no
MEX_2025_ENOE_V01_M_V07_A_GLD_ALL,industrycat10,num,191265.0,no
MEX_2025_ENOE_V01_M_V07_A_GLD_ALL,industrycat10,skewness,-0.12818612565571078,no
MEX_2025_ENOE_V01_M_V07_A_GLD_ALL,industrycat10,kurtosis,-0.7676391379395979,no
MEX_2025_ENOE_V01_M_V07_A_GLD_ALL,industrycat10,p01,1.0,no
MEX_2025_ENOE_V01_M_V07_A_GLD_ALL,industrycat10,p05,1.0,no
MEX_2025_ENOE_V01_M_V07_A_GLD_ALL,industrycat10,p10,3.0,no
MEX_2025_ENOE_V01_M_V07_A_GLD_ALL,industrycat10,p25,4.0,no
MEX_2025_ENOE_V01_M_V07_A_GLD_ALL,industrycat10,p50,6.0,no
MEX_2025_ENOE_V01_M_V07_A_GLD_ALL,industrycat10,p75,8.0,no
MEX_2025_ENOE_V01_M_V07_A_GLD_ALL,industrycat10,p90,10.0,no
MEX_2025_ENOE_V01_M_V07_A_GLD_ALL,industrycat10,p95,10.0,no
MEX_2025_ENOE_V01_M_V07_A_GLD_ALL,industrycat10,p99,10.0,no
MEX_2025_ENOE_V01_M_V07_A_GLD_ALL,industrycat10,missing_share_w,0.5407906581503512,yes
MEX_2025_ENOE_V01_M_V07_A_GLD_ALL,industrycat10,zero_share_w,0.0,yes
MEX_2025_ENOE_V01_M_V07_A_GLD_ALL,industrycat10,mean_w,5.8447628767388915,yes
MEX_2025_ENOE_V01_M_V07_A_GLD_ALL,industrycat10,sd_w,2.7302408138055334,yes
MEX_2025_ENOE_V01_M_V07_A_GLD_ALL,industrycat10,p01_w,1.0,yes
MEX_2025_ENOE_V01_M_V07_A_GLD_ALL,industrycat10,p05_w,1.0,yes
MEX_2025_ENOE_V01_M_V07_A_GLD_ALL,industrycat10,p10_w,1.0,yes
MEX_2025_ENOE_V01_M_V07_A_GLD_ALL,industrycat10,p25_w,3.0,yes
MEX_2025_ENOE_V01_M_V07_A_GLD_ALL,industrycat10,p50_w,6.0,yes
MEX_2025_ENOE_V01_M_V07_A_GLD_ALL,industrycat10,p75_w,8.0,yes
MEX_2025_ENOE_V01_M_V07_A_GLD_ALL,industrycat10,p90_w,10.0,yes
MEX_2025_ENOE_V01_M_V07_A_GLD_ALL,industrycat10,p95_w,10.0,yes
MEX_2025_ENOE_V01_M_V07_A_GLD_ALL,industrycat10,p99_w,10.0,yes
MEX_2025_ENOE_V01_M_V07_A_GLD_ALL,industrycat4,missing_share,0.5313269574294472,no
MEX_2025_ENOE_V01_M_V07_A_GLD_ALL,industrycat4,non_missing_n,191265.0,no
MEX_2025_ENOE_V01_M_V07_A_GLD_ALL,industrycat4,zero_share,0.0,no
MEX_2025_ENOE_V01_M_V07_A_GLD_ALL,industrycat4,mean,2.7563328366402633,no
MEX_2025_ENOE_V01_M_V07_A_GLD_ALL,industrycat4,sd,0.8286039276138457,no
MEX_2025_ENOE_V01_M_V07_A_GLD_ALL,industrycat4,max,4.0,no
MEX_2025_ENOE_V01_M_V07_A_GLD_ALL,industrycat4,min,1.0,no
MEX_2025_ENOE_V01_M_V07_A_GLD_ALL,industrycat4,num,191265.0,no
MEX_2025_ENOE_V01_M_V07_A_GLD_ALL,industrycat4,skewness,-0.36488839680284485,no
MEX_2025_ENOE_V01_M_V07_A_GLD_ALL,industrycat4,kurtosis,-0.3353942626035469,no
MEX_2025_ENOE_V01_M_V07_A_GLD_ALL,industrycat4,p01,1.0,no
MEX_2025_ENOE_V01_M_V07_A_GLD_ALL,industrycat4,p05,1.0,no
MEX_2025_ENOE_V01_M_V07_A_GLD_ALL,industrycat4,p10,2.0,no
MEX_2025_ENOE_V01_M_V07_A_GLD_ALL,industrycat4,p25,2.0,no
MEX_2025_ENOE_V01_M_V07_A_GLD_ALL,industrycat4,p50,3.0,no
MEX_2025_ENOE_V01_M_V07_A_GLD_ALL,industrycat4,p75,3.0,no
MEX_2025_ENOE_V01_M_V07_A_GLD_ALL,industrycat4,p90,4.0,no
MEX_2025_ENOE_V01_M_V07_A_GLD_ALL,industrycat4,p95,4.0,no
MEX_2025_ENOE_V01_M_V07_A_GLD_ALL,industrycat4,p99,4.0,no
MEX_2025_ENOE_V01_M_V07_A_GLD_ALL,industrycat4,missing_share_w,0.5407906581503512,yes
MEX_2025_ENOE_V01_M_V07_A_GLD_ALL,industrycat4,zero_share_w,0.0,yes
MEX_2025_ENOE_V01_M_V07_A_GLD_ALL,industrycat4,mean_w,2.6994799044470392,yes
MEX_2025_ENOE_V01_M_V07_A_GLD_ALL,industrycat4,sd_w,0.8600003446734512,yes
MEX_2025_ENOE_V01_M_V07_A_GLD_ALL,industrycat4,p01_w,1.0,yes
MEX_2025_ENOE_V01_M_V07_A_GLD_ALL,industrycat4,p05_w,1.0,yes
MEX_2025_ENOE_V01_M_V07_A_GLD_ALL,industrycat4,p10_w,1.0,yes
MEX_2025_ENOE_V01_M_V07_A_GLD_ALL,industrycat4,p25_w,2.0,yes
MEX_2025_ENOE_V01_M_V07_A_GLD_ALL,industrycat4,p50_w,3.0,yes
MEX_2025_ENOE_V01_M_V07_A_GLD_ALL,industrycat4,p75_w,3.0,yes
MEX_2025_ENOE_V01_M_V07_A_GLD_ALL,industrycat4,p90_w,4.0,yes
MEX_2025_ENOE_V01_M_V07_A_GLD_ALL,industrycat4,p95_w,4.0,yes
MEX_2025_ENOE_V01_M_V07_A_GLD_ALL,industrycat4,p99_w,4.0,yes
MEX_2025_ENOE_V01_M_V07_A_GLD_ALL,occup_orig,missing_share,0.5313269574294472,no
MEX_2025_ENOE_V01_M_V07_A_GLD_ALL,occup_orig,non_missing_n,191265.0,no
MEX_2025_ENOE_V01_M_V07_A_GLD_ALL,occup_orig,zero_share,0.0,no
MEX_2025_ENOE_V01_M_V07_A_GLD_ALL,occup_orig,mean,5701.728476197945,no
MEX_2025_ENOE_V01_M_V07_A_GLD_ALL,occup_orig,sd,2675.2777582425456,no
MEX_2025_ENOE_V01_M_V07_A_GLD_ALL,occup_orig,max,9999.0,no
MEX_2025_ENOE_V01_M_V07_A_GLD_ALL,occup_orig,min,1111.0,no
MEX_2025_ENOE_V01_M_V07_A_GLD_ALL,occup_orig,num,191265.0,no
MEX_2025_ENOE_V01_M_V07_A_GLD_ALL,occup_orig,skewness,0.07659338949020977,no
MEX_2025_ENOE_V01_M_V07_A_GLD_ALL,occup_orig,kurtosis,-1.4381667551897204,no
MEX_2025_ENOE_V01_M_V07_A_GLD_ALL,occup_orig,p01,1315.0,no
MEX_2025_ENOE_V01_M_V07_A_GLD_ALL,occup_orig,p05,2135.0,no
MEX_2025_ENOE_V01_M_V07_A_GLD_ALL,occup_orig,p10,2332.0,no
MEX_2025_ENOE_V01_M_V07_A_GLD_ALL,occup_orig,p25,3115.0,no
MEX_2025_ENOE_V01_M_V07_A_GLD_ALL,occup_orig,p50,5221.0,no
MEX_2025_ENOE_V01_M_V07_A_GLD_ALL,occup_orig,p75,8341.0,no
MEX_2025_ENOE_V01_M_V07_A_GLD_ALL,occup_orig,p90,9411.0,no
MEX_2025_ENOE_V01_M_V07_A_GLD_ALL,occup_orig,p95,9611.0,no
MEX_2025_ENOE_V01_M_V07_A_GLD_ALL,occup_orig,p99,9643.0,no
MEX_2025_ENOE_V01_M_V07_A_GLD_ALL,occup_orig,missing_share_w,0.5407906581503512,yes
MEX_2025_ENOE_V01_M_V07_A_GLD_ALL,occup_orig,zero_share_w,0.0,yes
MEX_2025_ENOE_V01_M_V07_A_GLD_ALL,occup_orig,mean_w,5778.342001719993,yes
MEX_2025_ENOE_V01_M_V07_A_GLD_ALL,occup_orig,sd_w,2659.3253200245176,yes
MEX_2025_ENOE_V01_M_V07_A_GLD_ALL,occup_orig,p01_w,1315.0,yes
MEX_2025_ENOE_V01_M_V07_A_GLD_ALL,occup_orig,p05_w,2135.0,yes
MEX_2025_ENOE_V01_M_V07_A_GLD_ALL,occup_orig,p10_w,2332.0,yes
MEX_2025_ENOE_V01_M_V07_A_GLD_ALL,occup_orig,p25_w,3121.0,yes
MEX_2025_ENOE_V01_M_V07_A_GLD_ALL,occup_orig,p50_w,5313.0,yes
MEX_2025_ENOE_V01_M_V07_A_GLD_ALL,occup_orig,p75_w,8341.0,yes
MEX_2025_ENOE_V01_M_V07_A_GLD_ALL,occup_orig,p90_w,9411.0,yes
MEX_2025_ENOE_V01_M_V07_A_GLD_ALL,occup_orig,p95_w,9611.0,yes
MEX_2025_ENOE_V01_M_V07_A_GLD_ALL,occup_orig,p99_w,9641.0,yes
MEX_2025_ENOE_V01_M_V07_A_GLD_ALL,occup_skill,missing_share,0.5637382105812561,no
MEX_2025_ENOE_V01_M_V07_A_GLD_ALL,occup_skill,non_missing_n,178038.0,no
MEX_2025_ENOE_V01_M_V07_A_GLD_ALL,occup_skill,zero_share,0.0,no
MEX_2025_ENOE_V01_M_V07_A_GLD_ALL,occup_skill,mean,2.0603635179006727,no
MEX_2025_ENOE_V01_M_V07_A_GLD_ALL,occup_skill,sd,0.6042116491465038,no
MEX_2025_ENOE_V01_M_V07_A_GLD_ALL,occup_skill,max,3.0,no
MEX_2025_ENOE_V01_M_V07_A_GLD_ALL,occup_skill,min,1.0,no
MEX_2025_ENOE_V01_M_V07_A_GLD_ALL,occup_skill,num,178038.0,no
MEX_2025_ENOE_V01_M_V07_A_GLD_ALL,occup_skill,skewness,-0.0270522472923923,no
MEX_2025_ENOE_V01_M_V07_A_GLD_ALL,occup_skill,kurtosis,-0.2826060968142379,no
MEX_2025_ENOE_V01_M_V07_A_GLD_ALL,occup_skill,p01,1.0,no
MEX_2025_ENOE_V01_M_V07_A_GLD_ALL,occup_skill,p05,1.0,no
MEX_2025_ENOE_V01_M_V07_A_GLD_ALL,occup_skill,p10,1.0,no
MEX_2025_ENOE_V01_M_V07_A_GLD_ALL,occup_skill,p25,2.0,no
MEX_2025_ENOE_V01_M_V07_A_GLD_ALL,occup_skill,p50,2.0,no
MEX_2025_ENOE_V01_M_V07_A_GLD_ALL,occup_skill,p75,2.0,no
MEX_2025_ENOE_V01_M_V07_A_GLD_ALL,occup_skill,p90,3.0,no
MEX_2025_ENOE_V01_M_V07_A_GLD_ALL,occup_skill,p95,3.0,no
MEX_2025_ENOE_V01_M_V07_A_GLD_ALL,occup_skill,p99,3.0,no
MEX_2025_ENOE_V01_M_V07_A_GLD_ALL,occup_skill,missing_share_w,0.5768604051108549,yes
MEX_2025_ENOE_V01_M_V07_A_GLD_ALL,occup_skill,zero_share_w,0.0,yes
MEX_2025_ENOE_V01_M_V07_A_GLD_ALL,occup_skill,mean_w,2.051535939086177,yes
MEX_2025_ENOE_V01_M_V07_A_GLD_ALL,occup_skill,sd_w,0.5938918917895007,yes
MEX_2025_ENOE_V01_M_V07_A_GLD_ALL,occup_skill,p01_w,1.0,yes
MEX_2025_ENOE_V01_M_V07_A_GLD_ALL,occup_skill,p05_w,1.0,yes
MEX_2025_ENOE_V01_M_V07_A_GLD_ALL,occup_skill,p10_w,1.0,yes
MEX_2025_ENOE_V01_M_V07_A_GLD_ALL,occup_skill,p25_w,2.0,yes
MEX_2025_ENOE_V01_M_V07_A_GLD_ALL,occup_skill,p50_w,2.0,yes
MEX_2025_ENOE_V01_M_V07_A_GLD_ALL,occup_skill,p75_w,2.0,yes
MEX_2025_ENOE_V01_M_V07_A_GLD_ALL,occup_skill,p90_w,3.0,yes
MEX_2025_ENOE_V01_M_V07_A_GLD_ALL,occup_skill,p95_w,3.0,yes
MEX_2025_ENOE_V01_M_V07_A_GLD_ALL,occup_skill,p99_w,3.0,yes
MEX_2025_ENOE_V01_M_V07_A_GLD_ALL,occup,missing_share,0.5417803033087559,no
MEX_2025_ENOE_V01_M_V07_A_GLD_ALL,occup,non_missing_n,186999.0,no
MEX_2025_ENOE_V01_M_V07_A_GLD_ALL,occup,zero_share,0.0,no
MEX_2025_ENOE_V01_M_V07_A_GLD_ALL,occup,mean,5.7504425157353785,no
MEX_2025_ENOE_V01_M_V07_A_GLD_ALL,occup,sd,2.4247020427148773,no
MEX_2025_ENOE_V01_M_V07_A_GLD_ALL,occup,max,9.0,no
MEX_2025_ENOE_V01_M_V07_A_GLD_ALL,occup,min,1.0,no
MEX_2025_ENOE_V01_M_V07_A_GLD_ALL,occup,num,186999.0,no
MEX_2025_ENOE_V01_M_V07_A_GLD_ALL,occup,skewness,-0.209179898981287,no
MEX_2025_ENOE_V01_M_V07_A_GLD_ALL,occup,kurtosis,-1.0796516992045986,no
MEX_2025_ENOE_V01_M_V07_A_GLD_ALL,occup,p01,1.0,no
MEX_2025_ENOE_V01_M_V07_A_GLD_ALL,occup,p05,2.0,no
MEX_2025_ENOE_V01_M_V07_A_GLD_ALL,occup,p10,2.0,no
MEX_2025_ENOE_V01_M_V07_A_GLD_ALL,occup,p25,4.0,no
MEX_2025_ENOE_V01_M_V07_A_GLD_ALL,occup,p50,5.0,no
MEX_2025_ENOE_V01_M_V07_A_GLD_ALL,occup,p75,8.0,no
MEX_2025_ENOE_V01_M_V07_A_GLD_ALL,occup,p90,9.0,no
MEX_2025_ENOE_V01_M_V07_A_GLD_ALL,occup,p95,9.0,no
MEX_2025_ENOE_V01_M_V07_A_GLD_ALL,occup,p99,9.0,no
MEX_2025_ENOE_V01_M_V07_A_GLD_ALL,occup,missing_share_w,0.5503446393602014,yes
MEX_2025_ENOE_V01_M_V07_A_GLD_ALL,occup,zero_share_w,0.0,yes
MEX_2025_ENOE_V01_M_V07_A_GLD_ALL,occup,mean_w,5.812382117586152,yes
MEX_2025_ENOE_V01_M_V07_A_GLD_ALL,occup,sd_w,2.4009166931104673,yes
MEX_2025_ENOE_V01_M_V07_A_GLD_ALL,occup,p01_w,1.0,yes
MEX_2025_ENOE_V01_M_V07_A_GLD_ALL,occup,p05_w,2.0,yes
MEX_2025_ENOE_V01_M_V07_A_GLD_ALL,occup,p10_w,2.0,yes
MEX_2025_ENOE_V01_M_V07_A_GLD_ALL,occup,p25_w,4.0,yes
MEX_2025_ENOE_V01_M_V07_A_GLD_ALL,occup,p50_w,6.0,yes
MEX_2025_ENOE_V01_M_V07_A_GLD_ALL,occup,p75_w,8.0,yes
MEX_2025_ENOE_V01_M_V07_A_GLD_ALL,occup,p90_w,9.0,yes
MEX_2025_ENOE_V01_M_V07_A_GLD_ALL,occup,p95_w,9.0,yes
MEX_2025_ENOE_V01_M_V07_A_GLD_ALL,occup,p99_w,9.0,yes
MEX_2025_ENOE_V01_M_V07_A_GLD_ALL,wage_no_compen,missing_share,0.6881246952332645,no
MEX_2025_ENOE_V01_M_V07_A_GLD_ALL,wage_no_compen,non_missing_n,127276.0,no
MEX_2025_ENOE_V01_M_V07_A_GLD_ALL,wage_no_compen,zero_share,0.014126474213364893,no
MEX_2025_ENOE_V01_M_V07_A_GLD_ALL,wage_no_compen,mean,10451.83483139005,no
MEX_2025_ENOE_V01_M_V07_A_GLD_ALL,wage_no_compen,sd,8917.836455164475,no
MEX_2025_ENOE_V01_M_V07_A_GLD_ALL,wage_no_compen,max,250000.0,no
MEX_2025_ENOE_V01_M_V07_A_GLD_ALL,wage_no_compen,min,0.0,no
MEX_2025_ENOE_V01_M_V07_A_GLD_ALL,wage_no_compen,num,127276.0,no
MEX_2025_ENOE_V01_M_V07_A_GLD_ALL,wage_no_compen,skewness,4.195043356845097,no
MEX_2025_ENOE_V01_M_V07_A_GLD_ALL,wage_no_compen,kurtosis,44.7550403746553,no
MEX_2025_ENOE_V01_M_V07_A_GLD_ALL,wage_no_compen,p01,0.0,no
MEX_2025_ENOE_V01_M_V07_A_GLD_ALL,wage_no_compen,p05,500.0,no
MEX_2025_ENOE_V01_M_V07_A_GLD_ALL,wage_no_compen,p10,2150.0,no
MEX_2025_ENOE_V01_M_V07_A_GLD_ALL,wage_no_compen,p25,5375.0,no
MEX_2025_ENOE_V01_M_V07_A_GLD_ALL,wage_no_compen,p50,8600.0,no
MEX_2025_ENOE_V01_M_V07_A_GLD_ALL,wage_no_compen,p75,12900.0,no
MEX_2025_ENOE_V01_M_V07_A_GLD_ALL,wage_no_compen,p90,19057.5,no
MEX_2025_ENOE_V01_M_V07_A_GLD_ALL,wage_no_compen,p95,25000.0,no
MEX_2025_ENOE_V01_M_V07_A_GLD_ALL,wage_no_compen,p99,43000.0,no
MEX_2025_ENOE_V01_M_V07_A_GLD_ALL,wage_no_compen,missing_share_w,0.7069867241364451,yes
MEX_2025_ENOE_V01_M_V07_A_GLD_ALL,wage_no_compen,zero_share_w,0.015238311025878644,yes
MEX_2025_ENOE_V01_M_V07_A_GLD_ALL,wage_no_compen,mean_w,10032.361985975653,yes
MEX_2025_ENOE_V01_M_V07_A_GLD_ALL,wage_no_compen,sd_w,8965.594811627627,yes
MEX_2025_ENOE_V01_M_V07_A_GLD_ALL,wage_no_compen,p01_w,0.0,yes
MEX_2025_ENOE_V01_M_V07_A_GLD_ALL,wage_no_compen,p05_w,0.0,yes
MEX_2025_ENOE_V01_M_V07_A_GLD_ALL,wage_no_compen,p10_w,1720.0,yes
MEX_2025_ENOE_V01_M_V07_A_GLD_ALL,wage_no_compen,p25_w,5160.0,yes
MEX_2025_ENOE_V01_M_V07_A_GLD_ALL,wage_no_compen,p50_w,8600.0,yes
MEX_2025_ENOE_V01_M_V07_A_GLD_ALL,wage_no_compen,p75_w,12900.0,yes
MEX_2025_ENOE_V01_M_V07_A_GLD_ALL,wage_no_compen,p90_w,18000.0,yes
MEX_2025_ENOE_V01_M_V07_A_GLD_ALL,wage_no_compen,p95_w,24000.0,yes
MEX_2025_ENOE_V01_M_V07_A_GLD_ALL,wage_no_compen,p99_w,43000.0,yes
MEX_2025_ENOE_V01_M_V07_A_GLD_ALL,unitwage,missing_share,0.7307271029823645,no
MEX_2025_ENOE_V01_M_V07_A_GLD_ALL,unitwage,non_missing_n,109890.0,no
MEX_2025_ENOE_V01_M_V07_A_GLD_ALL,unitwage,zero_share,0.0,no
MEX_2025_ENOE_V01_M_V07_A_GLD_ALL,unitwage,mean,5.0,no
MEX_2025_ENOE_V01_M_V07_A_GLD_ALL,unitwage,sd,0.0,no
MEX_2025_ENOE_V01_M_V07_A_GLD_ALL,unitwage,max,5.0,no
MEX_2025_ENOE_V01_M_V07_A_GLD_ALL,unitwage,min,5.0,no
MEX_2025_ENOE_V01_M_V07_A_GLD_ALL,unitwage,num,109890.0,no
MEX_2025_ENOE_V01_M_V07_A_GLD_ALL,unitwage,skewness,0.0,no
MEX_2025_ENOE_V01_M_V07_A_GLD_ALL,unitwage,kurtosis,0.0,no
MEX_2025_ENOE_V01_M_V07_A_GLD_ALL,unitwage,p01,5.0,no
MEX_2025_ENOE_V01_M_V07_A_GLD_ALL,unitwage,p05,5.0,no
MEX_2025_ENOE_V01_M_V07_A_GLD_ALL,unitwage,p10,5.0,no
MEX_2025_ENOE_V01_M_V07_A_GLD_ALL,unitwage,p25,5.0,no
MEX_2025_ENOE_V01_M_V07_A_GLD_ALL,unitwage,p50,5.0,no
MEX_2025_ENOE_V01_M_V07_A_GLD_ALL,unitwage,p75,5.0,no
MEX_2025_ENOE_V01_M_V07_A_GLD_ALL,unitwage,p90,5.0,no
MEX_2025_ENOE_V01_M_V07_A_GLD_ALL,unitwage,p95,5.0,no
MEX_2025_ENOE_V01_M_V07_A_GLD_ALL,unitwage,p99,5.0,no
MEX_2025_ENOE_V01_M_V07_A_GLD_ALL,unitwage,missing_share_w,0.7468104522564181,yes
MEX_2025_ENOE_V01_M_V07_A_GLD_ALL,unitwage,zero_share_w,0.0,yes
MEX_2025_ENOE_V01_M_V07_A_GLD_ALL,unitwage,mean_w,5.0,yes
MEX_2025_ENOE_V01_M_V07_A_GLD_ALL,unitwage,sd_w,0.0,yes
MEX_2025_ENOE_V01_M_V07_A_GLD_ALL,unitwage,p01_w,5.0,yes
MEX_2025_ENOE_V01_M_V07_A_GLD_ALL,unitwage,p05_w,5.0,yes
MEX_2025_ENOE_V01_M_V07_A_GLD_ALL,unitwage,p10_w,5.0,yes
MEX_2025_ENOE_V01_M_V07_A_GLD_ALL,unitwage,p25_w,5.0,yes
MEX_2025_ENOE_V01_M_V07_A_GLD_ALL,unitwage,p50_w,5.0,yes
MEX_2025_ENOE_V01_M_V07_A_GLD_ALL,unitwage,p75_w,5.0,yes
MEX_2025_ENOE_V01_M_V07_A_GLD_ALL,unitwage,p90_w,5.0,yes
MEX_2025_ENOE_V01_M_V07_A_GLD_ALL,unitwage,p95_w,5.0,yes
MEX_2025_ENOE_V01_M_V07_A_GLD_ALL,unitwage,p99_w,5.0,yes
MEX_2025_ENOE_V01_M_V07_A_GLD_ALL,whours,missing_share,0.5425840298555007,no
MEX_2025_ENOE_V01_M_V07_A_GLD_ALL,whours,non_missing_n,186671.0,no
MEX_2025_ENOE_V01_M_V07_A_GLD_ALL,whours,zero_share,0.0,no
MEX_2025_ENOE_V01_M_V07_A_GLD_ALL,whours,mean,51.02060845016098,no
MEX_2025_ENOE_V01_M_V07_A_GLD_ALL,whours,sd,92.91546117623199,no
MEX_2025_ENOE_V01_M_V07_A_GLD_ALL,whours,max,999.0,no
MEX_2025_ENOE_V01_M_V07_A_GLD_ALL,whours,min,1.0,no
MEX_2025_ENOE_V01_M_V07_A_GLD_ALL,whours,num,186671.0,no
MEX_2025_ENOE_V01_M_V07_A_GLD_ALL,whours,skewness,9.781571663686165,no
MEX_2025_ENOE_V01_M_V07_A_GLD_ALL,whours,kurtosis,96.90531655986771,no
MEX_2025_ENOE_V01_M_V07_A_GLD_ALL,whours,p01,4.0,no
MEX_2025_ENOE_V01_M_V07_A_GLD_ALL,whours,p05,10.0,no
MEX_2025_ENOE_V01_M_V07_A_GLD_ALL,whours,p10,18.0,no
MEX_2025_ENOE_V01_M_V07_A_GLD_ALL,whours,p25,35.0,no
MEX_2025_ENOE_V01_M_V07_A_GLD_ALL,whours,p50,45.0,no
MEX_2025_ENOE_V01_M_V07_A_GLD_ALL,whours,p75,50.0,no
MEX_2025_ENOE_V01_M_V07_A_GLD_ALL,whours,p90,60.0,no
MEX_2025_ENOE_V01_M_V07_A_GLD_ALL,whours,p95,72.0,no
MEX_2025_ENOE_V01_M_V07_A_GLD_ALL,whours,p99,108.29999999998836,no
MEX_2025_ENOE_V01_M_V07_A_GLD_ALL,whours,missing_share_w,0.5511702620888429,yes
MEX_2025_ENOE_V01_M_V07_A_GLD_ALL,whours,zero_share_w,0.0,yes
MEX_2025_ENOE_V01_M_V07_A_GLD_ALL,whours,mean_w,51.81935249627837,yes
MEX_2025_ENOE_V01_M_V07_A_GLD_ALL,whours,sd_w,96.48828754335983,yes
MEX_2025_ENOE_V01_M_V07_A_GLD_ALL,whours,p01_w,4.0,yes
MEX_2025_ENOE_V01_M_V07_A_GLD_ALL,whours,p05_w,12.0,yes
MEX_2025_ENOE_V01_M_V07_A_GLD_ALL,whours,p10_w,18.0,yes
MEX_2025_ENOE_V01_M_V07_A_GLD_ALL,whours,p25_w,35.0,yes
MEX_2025_ENOE_V01_M_V07_A_GLD_ALL,whours,p50_w,45.0,yes
MEX_2025_ENOE_V01_M_V07_A_GLD_ALL,whours,p75_w,50.0,yes
MEX_2025_ENOE_V01_M_V07_A_GLD_ALL,whours,p90_w,60.0,yes
MEX_2025_ENOE_V01_M_V07_A_GLD_ALL,whours,p95_w,72.0,yes
MEX_2025_ENOE_V01_M_V07_A_GLD_ALL,whours,p99_w,146.2130847457778,yes
MEX_2025_ENOE_V01_M_V07_A_GLD_ALL,wmonths,missing_share,0.7307271029823645,no
MEX_2025_ENOE_V01_M_V07_A_GLD_ALL,wmonths,non_missing_n,109890.0,no
MEX_2025_ENOE_V01_M_V07_A_GLD_ALL,wmonths,zero_share,0.0,no
MEX_2025_ENOE_V01_M_V07_A_GLD_ALL,wmonths,mean,11.953462553462554,no
MEX_2025_ENOE_V01_M_V07_A_GLD_ALL,wmonths,sd,0.6153641952811179,no
MEX_2025_ENOE_V01_M_V07_A_GLD_ALL,wmonths,max,12.0,no
MEX_2025_ENOE_V01_M_V07_A_GLD_ALL,wmonths,min,1.0,no
MEX_2025_ENOE_V01_M_V07_A_GLD_ALL,wmonths,num,109890.0,no
MEX_2025_ENOE_V01_M_V07_A_GLD_ALL,wmonths,skewness,-14.393826338231856,no
MEX_2025_ENOE_V01_M_V07_A_GLD_ALL,wmonths,kurtosis,216.0479583137904,no
MEX_2025_ENOE_V01_M_V07_A_GLD_ALL,wmonths,p01,12.0,no
MEX_2025_ENOE_V01_M_V07_A_GLD_ALL,wmonths,p05,12.0,no
MEX_2025_ENOE_V01_M_V07_A_GLD_ALL,wmonths,p10,12.0,no
MEX_2025_ENOE_V01_M_V07_A_GLD_ALL,wmonths,p25,12.0,no
MEX_2025_ENOE_V01_M_V07_A_GLD_ALL,wmonths,p50,12.0,no
MEX_2025_ENOE_V01_M_V07_A_GLD_ALL,wmonths,p75,12.0,no
MEX_2025_ENOE_V01_M_V07_A_GLD_ALL,wmonths,p90,12.0,no
MEX_2025_ENOE_V01_M_V07_A_GLD_ALL,wmonths,p95,12.0,no
MEX_2025_ENOE_V01_M_V07_A_GLD_ALL,wmonths,p99,12.0,no
MEX_2025_ENOE_V01_M_V07_A_GLD_ALL,wmonths,missing_share_w,0.7468104522564181,yes
MEX_2025_ENOE_V01_M_V07_A_GLD_ALL,wmonths,zero_share_w,0.0,yes
MEX_2025_ENOE_V01_M_V07_A_GLD_ALL,wmonths,mean_w,11.949688869786293,yes
MEX_2025_ENOE_V01_M_V07_A_GLD_ALL,wmonths,sd_w,0.6302166066396723,yes
MEX_2025_ENOE_V01_M_V07_A_GLD_ALL,wmonths,p01_w,12.0,yes
MEX_2025_ENOE_V01_M_V07_A_GLD_ALL,wmonths,p05_w,12.0,yes
MEX_2025_ENOE_V01_M_V07_A_GLD_ALL,wmonths,p10_w,12.0,yes
MEX_2025_ENOE_V01_M_V07_A_GLD_ALL,wmonths,p25_w,12.0,yes
MEX_2025_ENOE_V01_M_V07_A_GLD_ALL,wmonths,p50_w,12.0,yes
MEX_2025_ENOE_V01_M_V07_A_GLD_ALL,wmonths,p75_w,12.0,yes
MEX_2025_ENOE_V01_M_V07_A_GLD_ALL,wmonths,p90_w,12.0,yes
MEX_2025_ENOE_V01_M_V07_A_GLD_ALL,wmonths,p95_w,12.0,yes
MEX_2025_ENOE_V01_M_V07_A_GLD_ALL,wmonths,p99_w,12.0,yes
MEX_2025_ENOE_V01_M_V07_A_GLD_ALL,wage_total,missing_share,0.7307271029823645,no
MEX_2025_ENOE_V01_M_V07_A_GLD_ALL,wage_total,non_missing_n,109890.0,no
MEX_2025_ENOE_V01_M_V07_A_GLD_ALL,wage_total,zero_share,0.012443059159664689,no
MEX_2025_ENOE_V01_M_V07_A_GLD_ALL,wage_total,mean,129920.51935571936,no
MEX_2025_ENOE_V01_M_V07_A_GLD_ALL,wage_total,sd,110425.68144888167,no
MEX_2025_ENOE_V01_M_V07_A_GLD_ALL,wage_total,max,3000000.0,no
MEX_2025_ENOE_V01_M_V07_A_GLD_ALL,wage_total,min,0.0,no
MEX_2025_ENOE_V01_M_V07_A_GLD_ALL,wage_total,num,109890.0,no
MEX_2025_ENOE_V01_M_V07_A_GLD_ALL,wage_total,skewness,4.158239429460486,no
MEX_2025_ENOE_V01_M_V07_A_GLD_ALL,wage_total,kurtosis,43.8247733047805,no
MEX_2025_ENOE_V01_M_V07_A_GLD_ALL,wage_total,p01,0.0,no
MEX_2025_ENOE_V01_M_V07_A_GLD_ALL,wage_total,p05,5160.0,no
MEX_2025_ENOE_V01_M_V07_A_GLD_ALL,wage_total,p10,25800.0,no
MEX_2025_ENOE_V01_M_V07_A_GLD_ALL,wage_total,p25,72000.0,no
MEX_2025_ENOE_V01_M_V07_A_GLD_ALL,wage_total,p50,108360.0,no
MEX_2025_ENOE_V01_M_V07_A_GLD_ALL,wage_total,p75,156000.0,no
MEX_2025_ENOE_V01_M_V07_A_GLD_ALL,wage_total,p90,240000.0,no
MEX_2025_ENOE_V01_M_V07_A_GLD_ALL,wage_total,p95,309600.0,no
MEX_2025_ENOE_V01_M_V07_A_GLD_ALL,wage_total,p99,528000.0,no
MEX_2025_ENOE_V01_M_V07_A_GLD_ALL,wage_total,missing_share_w,0.7468104522564181,yes
MEX_2025_ENOE_V01_M_V07_A_GLD_ALL,wage_total,zero_share_w,0.013593844105393943,yes
MEX_2025_ENOE_V01_M_V07_A_GLD_ALL,wage_total,mean_w,124343.98192884181,yes
MEX_2025_ENOE_V01_M_V07_A_GLD_ALL,wage_total,sd_w,110518.84575324449,yes
MEX_2025_ENOE_V01_M_V07_A_GLD_ALL,wage_total,p01_w,0.0,yes
MEX_2025_ENOE_V01_M_V07_A_GLD_ALL,wage_total,p05_w,0.0,yes
MEX_2025_ENOE_V01_M_V07_A_GLD_ALL,wage_total,p10_w,20640.0,yes
MEX_2025_ENOE_V01_M_V07_A_GLD_ALL,wage_total,p25_w,61920.0,yes
MEX_2025_ENOE_V01_M_V07_A_GLD_ALL,wage_total,p50_w,103200.0,yes
MEX_2025_ENOE_V01_M_V07_A_GLD_ALL,wage_total,p75_w,154800.0,yes
MEX_2025_ENOE_V01_M_V07_A_GLD_ALL,wage_total,p90_w,225600.0,yes
MEX_2025_ENOE_V01_M_V07_A_GLD_ALL,wage_total,p95_w,300000.0,yes
MEX_2025_ENOE_V01_M_V07_A_GLD_ALL,wage_total,p99_w,528000.0,yes
MEX_2025_ENOE_V01_M_V07_A_GLD_ALL,contract,missing_share,0.6769876917120601,no
MEX_2025_ENOE_V01_M_V07_A_GLD_ALL,contract,non_missing_n,131821.0,no
MEX_2025_ENOE_V01_M_V07_A_GLD_ALL,contract,zero_share,0.12677806120573684,no
MEX_2025_ENOE_V01_M_V07_A_GLD_ALL,contract,mean,0.607513218682911,no
MEX_2025_ENOE_V01_M_V07_A_GLD_ALL,contract,sd,0.48830596621905115,no
MEX_2025_ENOE_V01_M_V07_A_GLD_ALL,contract,max,1.0,no
MEX_2025_ENOE_V01_M_V07_A_GLD_ALL,contract,min,0.0,no
MEX_2025_ENOE_V01_M_V07_A_GLD_ALL,contract,num,131821.0,no
MEX_2025_ENOE_V01_M_V07_A_GLD_ALL,contract,skewness,-0.44035853479414955,no
MEX_2025_ENOE_V01_M_V07_A_GLD_ALL,contract,kurtosis,-1.8061117635533332,no
MEX_2025_ENOE_V01_M_V07_A_GLD_ALL,contract,p01,0.0,no
MEX_2025_ENOE_V01_M_V07_A_GLD_ALL,contract,p05,0.0,no
MEX_2025_ENOE_V01_M_V07_A_GLD_ALL,contract,p10,0.0,no
MEX_2025_ENOE_V01_M_V07_A_GLD_ALL,contract,p25,0.0,no
MEX_2025_ENOE_V01_M_V07_A_GLD_ALL,contract,p50,1.0,no
MEX_2025_ENOE_V01_M_V07_A_GLD_ALL,contract,p75,1.0,no
MEX_2025_ENOE_V01_M_V07_A_GLD_ALL,contract,p90,1.0,no
MEX_2025_ENOE_V01_M_V07_A_GLD_ALL,contract,p95,1.0,no
MEX_2025_ENOE_V01_M_V07_A_GLD_ALL,contract,p99,1.0,no
MEX_2025_ENOE_V01_M_V07_A_GLD_ALL,contract,missing_share_w,0.690531360415771,yes
MEX_2025_ENOE_V01_M_V07_A_GLD_ALL,contract,zero_share_w,0.12950951797786658,yes
MEX_2025_ENOE_V01_M_V07_A_GLD_ALL,contract,mean_w,0.5815100420131015,yes
MEX_2025_ENOE_V01_M_V07_A_GLD_ALL,contract,sd_w,0.4933113753513316,yes
MEX_2025_ENOE_V01_M_V07_A_GLD_ALL,contract,p01_w,0.0,yes
MEX_2025_ENOE_V01_M_V07_A_GLD_ALL,contract,p05_w,0.0,yes
MEX_2025_ENOE_V01_M_V07_A_GLD_ALL,contract,p10_w,0.0,yes
MEX_2025_ENOE_V01_M_V07_A_GLD_ALL,contract,p25_w,0.0,yes
MEX_2025_ENOE_V01_M_V07_A_GLD_ALL,contract,p50_w,1.0,yes
MEX_2025_ENOE_V01_M_V07_A_GLD_ALL,contract,p75_w,1.0,yes
MEX_2025_ENOE_V01_M_V07_A_GLD_ALL,contract,p90_w,1.0,yes
MEX_2025_ENOE_V01_M_V07_A_GLD_ALL,contract,p95_w,1.0,yes
MEX_2025_ENOE_V01_M_V07_A_GLD_ALL,contract,p99_w,1.0,yes
MEX_2025_ENOE_V01_M_V07_A_GLD_ALL,firmsize_l,missing_share,0.569099654740639,no
MEX_2025_ENOE_V01_M_V07_A_GLD_ALL,firmsize_l,non_missing_n,175850.0,no
MEX_2025_ENOE_V01_M_V07_A_GLD_ALL,firmsize_l,zero_share,0.0,no
MEX_2025_ENOE_V01_M_V07_A_GLD_ALL,firmsize_l,mean,85.31746374751208,no
MEX_2025_ENOE_V01_M_V07_A_GLD_ALL,firmsize_l,sd,169.638529424586,no
MEX_2025_ENOE_V01_M_V07_A_GLD_ALL,firmsize_l,max,501.0,no
MEX_2025_ENOE_V01_M_V07_A_GLD_ALL,firmsize_l,min,1.0,no
MEX_2025_ENOE_V01_M_V07_A_GLD_ALL,firmsize_l,num,175850.0,no
MEX_2025_ENOE_V01_M_V07_A_GLD_ALL,firmsize_l,skewness,1.9095352762207238,no
MEX_2025_ENOE_V01_M_V07_A_GLD_ALL,firmsize_l,kurtosis,1.8697644196309087,no
MEX_2025_ENOE_V01_M_V07_A_GLD_ALL,firmsize_l,p01,1.0,no
MEX_2025_ENOE_V01_M_V07_A_GLD_ALL,firmsize_l,p05,1.0,no
MEX_2025_ENOE_V01_M_V07_A_GLD_ALL,firmsize_l,p10,1.0,no
MEX_2025_ENOE_V01_M_V07_A_GLD_ALL,firmsize_l,p25,2.0,no
MEX_2025_ENOE_V01_M_V07_A_GLD_ALL,firmsize_l,p50,2.0,no
MEX_2025_ENOE_V01_M_V07_A_GLD_ALL,firmsize_l,p75,31.0,no
MEX_2025_ENOE_V01_M_V07_A_GLD_ALL,firmsize_l,p90,501.0,no
MEX_2025_ENOE_V01_M_V07_A_GLD_ALL,firmsize_l,p95,501.0,no
MEX_2025_ENOE_V01_M_V07_A_GLD_ALL,firmsize_l,p99,501.0,no
MEX_2025_ENOE_V01_M_V07_A_GLD_ALL,firmsize_l,missing_share_w,0.5730187762492254,yes
MEX_2025_ENOE_V01_M_V07_A_GLD_ALL,firmsize_l,zero_share_w,0.0,yes
MEX_2025_ENOE_V01_M_V07_A_GLD_ALL,firmsize_l,mean_w,75.10055219893793,yes
MEX_2025_ENOE_V01_M_V07_A_GLD_ALL,firmsize_l,sd_w,158.96624247092333,yes
MEX_2025_ENOE_V01_M_V07_A_GLD_ALL,firmsize_l,p01_w,1.0,yes
MEX_2025_ENOE_V01_M_V07_A_GLD_ALL,firmsize_l,p05_w,1.0,yes
MEX_2025_ENOE_V01_M_V07_A_GLD_ALL,firmsize_l,p10_w,1.0,yes
MEX_2025_ENOE_V01_M_V07_A_GLD_ALL,firmsize_l,p25_w,2.0,yes
MEX_2025_ENOE_V01_M_V07_A_GLD_ALL,firmsize_l,p50_w,2.0,yes
MEX_2025_ENOE_V01_M_V07_A_GLD_ALL,firmsize_l,p75_w,31.0,yes
MEX_2025_ENOE_V01_M_V07_A_GLD_ALL,firmsize_l,p90_w,501.0,yes
MEX_2025_ENOE_V01_M_V07_A_GLD_ALL,firmsize_l,p95_w,501.0,yes
MEX_2025_ENOE_V01_M_V07_A_GLD_ALL,firmsize_l,p99_w,501.0,yes
MEX_2025_ENOE_V01_M_V07_A_GLD_ALL,firmsize_u,missing_share,0.6264876904868671,no
MEX_2025_ENOE_V01_M_V07_A_GLD_ALL,firmsize_u,non_missing_n,152430.0,no
MEX_2025_ENOE_V01_M_V07_A_GLD_ALL,firmsize_u,zero_share,0.0,no
MEX_2025_ENOE_V01_M_V07_A_GLD_ALL,firmsize_u,mean,43.01603358918848,no
MEX_2025_ENOE_V01_M_V07_A_GLD_ALL,firmsize_u,sd,105.05256013708718,no
MEX_2025_ENOE_V01_M_V07_A_GLD_ALL,firmsize_u,max,500.0,no
MEX_2025_ENOE_V01_M_V07_A_GLD_ALL,firmsize_u,min,1.0,no
MEX_2025_ENOE_V01_M_V07_A_GLD_ALL,firmsize_u,num,152430.0,no
MEX_2025_ENOE_V01_M_V07_A_GLD_ALL,firmsize_u,skewness,3.3967779885300136,no
MEX_2025_ENOE_V01_M_V07_A_GLD_ALL,firmsize_u,kurtosis,11.088885138442707,no
MEX_2025_ENOE_V01_M_V07_A_GLD_ALL,firmsize_u,p01,1.0,no
MEX_2025_ENOE_V01_M_V07_A_GLD_ALL,firmsize_u,p05,1.0,no
MEX_2025_ENOE_V01_M_V07_A_GLD_ALL,firmsize_u,p10,1.0,no
MEX_2025_ENOE_V01_M_V07_A_GLD_ALL,firmsize_u,p25,5.0,no
MEX_2025_ENOE_V01_M_V07_A_GLD_ALL,firmsize_u,p50,5.0,no
MEX_2025_ENOE_V01_M_V07_A_GLD_ALL,firmsize_u,p75,20.0,no
MEX_2025_ENOE_V01_M_V07_A_GLD_ALL,firmsize_u,p90,100.0,no
MEX_2025_ENOE_V01_M_V07_A_GLD_ALL,firmsize_u,p95,250.0,no
MEX_2025_ENOE_V01_M_V07_A_GLD_ALL,firmsize_u,p99,500.0,no
MEX_2025_ENOE_V01_M_V07_A_GLD_ALL,firmsize_u,missing_share_w,0.6211894480197028,yes
MEX_2025_ENOE_V01_M_V07_A_GLD_ALL,firmsize_u,zero_share_w,0.0,yes
MEX_2025_ENOE_V01_M_V07_A_GLD_ALL,firmsize_u,mean_w,42.090617993994336,yes
MEX_2025_ENOE_V01_M_V07_A_GLD_ALL,firmsize_u,sd_w,103.4342433050825,yes
MEX_2025_ENOE_V01_M_V07_A_GLD_ALL,firmsize_u,p01_w,1.0,yes
MEX_2025_ENOE_V01_M_V07_A_GLD_ALL,firmsize_u,p05_w,1.0,yes
MEX_2025_ENOE_V01_M_V07_A_GLD_ALL,firmsize_u,p10_w,1.0,yes
MEX_2025_ENOE_V01_M_V07_A_GLD_ALL,firmsize_u,p25_w,5.0,yes
MEX_2025_ENOE_V01_M_V07_A_GLD_ALL,firmsize_u,p50_w,5.0,yes
MEX_2025_ENOE_V01_M_V07_A_GLD_ALL,firmsize_u,p75_w,20.0,yes
MEX_2025_ENOE_V01_M_V07_A_GLD_ALL,firmsize_u,p90_w,100.0,yes
MEX_2025_ENOE_V01_M_V07_A_GLD_ALL,firmsize_u,p95_w,250.0,yes
MEX_2025_ENOE_V01_M_V07_A_GLD_ALL,firmsize_u,p99_w,500.0,yes
MEX_2025_ENOE_V01_M_V07_A_GLD_ALL,empstat_2,missing_share,0.9743983690232026,no
MEX_2025_ENOE_V01_M_V07_A_GLD_ALL,empstat_2,non_missing_n,10448.0,no
MEX_2025_ENOE_V01_M_V07_A_GLD_ALL,empstat_2,zero_share,0.0,no
MEX_2025_ENOE_V01_M_V07_A_GLD_ALL,empstat_2,mean,3.528522205206738,no
MEX_2025_ENOE_V01_M_V07_A_GLD_ALL,empstat_2,sd,1.7639894801493552,no
MEX_2025_ENOE_V01_M_V07_A_GLD_ALL,empstat_2,max,5.0,no
MEX_2025_ENOE_V01_M_V07_A_GLD_ALL,empstat_2,min,1.0,no
MEX_2025_ENOE_V01_M_V07_A_GLD_ALL,empstat_2,num,10448.0,no
MEX_2025_ENOE_V01_M_V07_A_GLD_ALL,empstat_2,skewness,-0.5483036965687413,no
MEX_2025_ENOE_V01_M_V07_A_GLD_ALL,empstat_2,kurtosis,-1.5517501237785711,no
MEX_2025_ENOE_V01_M_V07_A_GLD_ALL,empstat_2,p01,1.0,no
MEX_2025_ENOE_V01_M_V07_A_GLD_ALL,empstat_2,p05,1.0,no
MEX_2025_ENOE_V01_M_V07_A_GLD_ALL,empstat_2,p10,1.0,no
MEX_2025_ENOE_V01_M_V07_A_GLD_ALL,empstat_2,p25,1.0,no
MEX_2025_ENOE_V01_M_V07_A_GLD_ALL,empstat_2,p50,5.0,no
MEX_2025_ENOE_V01_M_V07_A_GLD_ALL,empstat_2,p75,5.0,no
MEX_2025_ENOE_V01_M_V07_A_GLD_ALL,empstat_2,p90,5.0,no
MEX_2025_ENOE_V01_M_V07_A_GLD_ALL,empstat_2,p95,5.0,no
MEX_2025_ENOE_V01_M_V07_A_GLD_ALL,empstat_2,p99,5.0,no
MEX_2025_ENOE_V01_M_V07_A_GLD_ALL,empstat_2,missing_share_w,0.9761932215196895,yes
MEX_2025_ENOE_V01_M_V07_A_GLD_ALL,empstat_2,zero_share_w,0.0,yes
MEX_2025_ENOE_V01_M_V07_A_GLD_ALL,empstat_2,mean_w,3.4968411811350073,yes
MEX_2025_ENOE_V01_M_V07_A_GLD_ALL,empstat_2,sd_w,1.7343243112171232,yes
MEX_2025_ENOE_V01_M_V07_A_GLD_ALL,empstat_2,p01_w,1.0,yes
MEX_2025_ENOE_V01_M_V07_A_GLD_ALL,empstat_2,p05_w,1.0,yes
MEX_2025_ENOE_V01_M_V07_A_GLD_ALL,empstat_2,p10_w,1.0,yes
MEX_2025_ENOE_V01_M_V07_A_GLD_ALL,empstat_2,p25_w,1.0,yes
MEX_2025_ENOE_V01_M_V07_A_GLD_ALL,empstat_2,p50_w,4.0,yes
MEX_2025_ENOE_V01_M_V07_A_GLD_ALL,empstat_2,p75_w,5.0,yes
MEX_2025_ENOE_V01_M_V07_A_GLD_ALL,empstat_2,p90_w,5.0,yes
MEX_2025_ENOE_V01_M_V07_A_GLD_ALL,empstat_2,p95_w,5.0,yes
MEX_2025_ENOE_V01_M_V07_A_GLD_ALL,empstat_2,p99_w,5.0,yes
MEX_2025_ENOE_V01_M_V07_A_GLD_ALL,industry_orig_2,missing_share,0.9743983690232026,no
MEX_2025_ENOE_V01_M_V07_A_GLD_ALL,industry_orig_2,non_missing_n,10448.0,no
MEX_2025_ENOE_V01_M_V07_A_GLD_ALL,industry_orig_2,zero_share,0.0,no
MEX_2025_ENOE_V01_M_V07_A_GLD_ALL,industry_orig_2,mean,4796.167400459418,no
MEX_2025_ENOE_V01_M_V07_A_GLD_ALL,industry_orig_2,sd,2404.4508620764227,no
MEX_2025_ENOE_V01_M_V07_A_GLD_ALL,industry_orig_2,max,9999.0,no
MEX_2025_ENOE_V01_M_V07_A_GLD_ALL,industry_orig_2,min,1110.0,no
MEX_2025_ENOE_V01_M_V07_A_GLD_ALL,industry_orig_2,num,10448.0,no
MEX_2025_ENOE_V01_M_V07_A_GLD_ALL,industry_orig_2,skewness,-0.14255727092438433,no
MEX_2025_ENOE_V01_M_V07_A_GLD_ALL,industry_orig_2,kurtosis,-1.0937233985843697,no
MEX_2025_ENOE_V01_M_V07_A_GLD_ALL,industry_orig_2,p01,1110.0,no
MEX_2025_ENOE_V01_M_V07_A_GLD_ALL,industry_orig_2,p05,1110.0,no
MEX_2025_ENOE_V01_M_V07_A_GLD_ALL,industry_orig_2,p10,1110.0,no
MEX_2025_ENOE_V01_M_V07_A_GLD_ALL,industry_orig_2,p25,3110.0,no
MEX_2025_ENOE_V01_M_V07_A_GLD_ALL,industry_orig_2,p50,4690.0,no
MEX_2025_ENOE_V01_M_V07_A_GLD_ALL,industry_orig_2,p75,7132.0,no
MEX_2025_ENOE_V01_M_V07_A_GLD_ALL,industry_orig_2,p90,8121.0,no
MEX_2025_ENOE_V01_M_V07_A_GLD_ALL,industry_orig_2,p95,8140.0,no
MEX_2025_ENOE_V01_M_V07_A_GLD_ALL,industry_orig_2,p99,9313.0,no
MEX_2025_ENOE_V01_M_V07_A_GLD_ALL,industry_orig_2,missing_share_w,0.9761932215196895,yes
MEX_2025_ENOE_V01_M_V07_A_GLD_ALL,industry_orig_2,zero_share_w,0.0,yes
MEX_2025_ENOE_V01_M_V07_A_GLD_ALL,industry_orig_2,mean_w,4517.789480907126,yes
MEX_2025_ENOE_V01_M_V07_A_GLD_ALL,industry_orig_2,sd_w,2493.613819302072,yes
MEX_2025_ENOE_V01_M_V07_A_GLD_ALL,industry_orig_2,p01_w,1110.0,yes
MEX_2025_ENOE_V01_M_V07_A_GLD_ALL,industry_orig_2,p05_w,1110.0,yes
MEX_2025_ENOE_V01_M_V07_A_GLD_ALL,industry_orig_2,p10_w,1110.0,yes
MEX_2025_ENOE_V01_M_V07_A_GLD_ALL,industry_orig_2,p25_w,2361.0,yes
MEX_2025_ENOE_V01_M_V07_A_GLD_ALL,industry_orig_2,p50_w,4661.0,yes
MEX_2025_ENOE_V01_M_V07_A_GLD_ALL,industry_orig_2,p75_w,7111.0,yes
MEX_2025_ENOE_V01_M_V07_A_GLD_ALL,industry_orig_2,p90_w,8112.0,yes
MEX_2025_ENOE_V01_M_V07_A_GLD_ALL,industry_orig_2,p95_w,8140.0,yes
MEX_2025_ENOE_V01_M_V07_A_GLD_ALL,industry_orig_2,p99_w,9313.0,yes
MEX_2025_ENOE_V01_M_V07_A_GLD_ALL,industrycat10_2,missing_share,0.9743983690232026,no
MEX_2025_ENOE_V01_M_V07_A_GLD_ALL,industrycat10_2,non_missing_n,10448.0,no
MEX_2025_ENOE_V01_M_V07_A_GLD_ALL,industrycat10_2,zero_share,0.0,no
MEX_2025_ENOE_V01_M_V07_A_GLD_ALL,industrycat10_2,mean,5.800918836140888,no
MEX_2025_ENOE_V01_M_V07_A_GLD_ALL,industrycat10_2,sd,3.0425008854084363,no
MEX_2025_ENOE_V01_M_V07_A_GLD_ALL,industrycat10_2,max,10.0,no
MEX_2025_ENOE_V01_M_V07_A_GLD_ALL,industrycat10_2,min,1.0,no
MEX_2025_ENOE_V01_M_V07_A_GLD_ALL,industrycat10_2,num,10448.0,no
MEX_2025_ENOE_V01_M_V07_A_GLD_ALL,industrycat10_2,skewness,-0.1933110006960332,no
MEX_2025_ENOE_V01_M_V07_A_GLD_ALL,industrycat10_2,kurtosis,-0.9934513560453899,no
MEX_2025_ENOE_V01_M_V07_A_GLD_ALL,industrycat10_2,p01,1.0,no
MEX_2025_ENOE_V01_M_V07_A_GLD_ALL,industrycat10_2,p05,1.0,no
MEX_2025_ENOE_V01_M_V07_A_GLD_ALL,industrycat10_2,p10,1.0,no
MEX_2025_ENOE_V01_M_V07_A_GLD_ALL,industrycat10_2,p25,3.0,no
MEX_2025_ENOE_V01_M_V07_A_GLD_ALL,industrycat10_2,p50,6.0,no
MEX_2025_ENOE_V01_M_V07_A_GLD_ALL,industrycat10_2,p75,8.0,no
MEX_2025_ENOE_V01_M_V07_A_GLD_ALL,industrycat10_2,p90,10.0,no
MEX_2025_ENOE_V01_M_V07_A_GLD_ALL,industrycat10_2,p95,10.0,no
MEX_2025_ENOE_V01_M_V07_A_GLD_ALL,industrycat10_2,p99,10.0,no
MEX_2025_ENOE_V01_M_V07_A_GLD_ALL,industrycat10_2,missing_share_w,0.9761932215196895,yes
MEX_2025_ENOE_V01_M_V07_A_GLD_ALL,industrycat10_2,zero_share_w,0.0,yes
MEX_2025_ENOE_V01_M_V07_A_GLD_ALL,industrycat10_2,mean_w,5.468064394181091,yes
MEX_2025_ENOE_V01_M_V07_A_GLD_ALL,industrycat10_2,sd_w,3.184946180854321,yes
MEX_2025_ENOE_V01_M_V07_A_GLD_ALL,industrycat10_2,p01_w,1.0,yes
MEX_2025_ENOE_V01_M_V07_A_GLD_ALL,industrycat10_2,p05_w,1.0,yes
MEX_2025_ENOE_V01_M_V07_A_GLD_ALL,industrycat10_2,p10_w,1.0,yes
MEX_2025_ENOE_V01_M_V07_A_GLD_ALL,industrycat10_2,p25_w,3.0,yes
MEX_2025_ENOE_V01_M_V07_A_GLD_ALL,industrycat10_2,p50_w,6.0,yes
MEX_2025_ENOE_V01_M_V07_A_GLD_ALL,industrycat10_2,p75_w,8.0,yes
MEX_2025_ENOE_V01_M_V07_A_GLD_ALL,industrycat10_2,p90_w,10.0,yes
MEX_2025_ENOE_V01_M_V07_A_GLD_ALL,industrycat10_2,p95_w,10.0,yes
MEX_2025_ENOE_V01_M_V07_A_GLD_ALL,industrycat10_2,p99_w,10.0,yes
MEX_2025_ENOE_V01_M_V07_A_GLD_ALL,industrycat4_2,missing_share,0.9743983690232026,no
MEX_2025_ENOE_V01_M_V07_A_GLD_ALL,industrycat4_2,non_missing_n,10448.0,no
MEX_2025_ENOE_V01_M_V07_A_GLD_ALL,industrycat4_2,zero_share,0.0,no
MEX_2025_ENOE_V01_M_V07_A_GLD_ALL,industrycat4_2,mean,2.693721286370597,no
MEX_2025_ENOE_V01_M_V07_A_GLD_ALL,industrycat4_2,sd,1.0022425375078854,no
MEX_2025_ENOE_V01_M_V07_A_GLD_ALL,industrycat4_2,max,4.0,no
MEX_2025_ENOE_V01_M_V07_A_GLD_ALL,industrycat4_2,min,1.0,no
MEX_2025_ENOE_V01_M_V07_A_GLD_ALL,industrycat4_2,num,10448.0,no
MEX_2025_ENOE_V01_M_V07_A_GLD_ALL,industrycat4_2,skewness,-0.4474983584940413,no
MEX_2025_ENOE_V01_M_V07_A_GLD_ALL,industrycat4_2,kurtosis,-0.8549879517415548,no
MEX_2025_ENOE_V01_M_V07_A_GLD_ALL,industrycat4_2,p01,1.0,no
MEX_2025_ENOE_V01_M_V07_A_GLD_ALL,industrycat4_2,p05,1.0,no
MEX_2025_ENOE_V01_M_V07_A_GLD_ALL,industrycat4_2,p10,1.0,no
MEX_2025_ENOE_V01_M_V07_A_GLD_ALL,industrycat4_2,p25,2.0,no
MEX_2025_ENOE_V01_M_V07_A_GLD_ALL,industrycat4_2,p50,3.0,no
MEX_2025_ENOE_V01_M_V07_A_GLD_ALL,industrycat4_2,p75,3.0,no
MEX_2025_ENOE_V01_M_V07_A_GLD_ALL,industrycat4_2,p90,4.0,no
MEX_2025_ENOE_V01_M_V07_A_GLD_ALL,industrycat4_2,p95,4.0,no
MEX_2025_ENOE_V01_M_V07_A_GLD_ALL,industrycat4_2,p99,4.0,no
MEX_2025_ENOE_V01_M_V07_A_GLD_ALL,industrycat4_2,missing_share_w,0.9761932215196895,yes
MEX_2025_ENOE_V01_M_V07_A_GLD_ALL,industrycat4_2,zero_share_w,0.0,yes
MEX_2025_ENOE_V01_M_V07_A_GLD_ALL,industrycat4_2,mean_w,2.5779043321814754,yes
MEX_2025_ENOE_V01_M_V07_A_GLD_ALL,industrycat4_2,sd_w,1.0625506617439784,yes
MEX_2025_ENOE_V01_M_V07_A_GLD_ALL,industrycat4_2,p01_w,1.0,yes
MEX_2025_ENOE_V01_M_V07_A_GLD_ALL,industrycat4_2,p05_w,1.0,yes
MEX_2025_ENOE_V01_M_V07_A_GLD_ALL,industrycat4_2,p10_w,1.0,yes
MEX_2025_ENOE_V01_M_V07_A_GLD_ALL,industrycat4_2,p25_w,2.0,yes
MEX_2025_ENOE_V01_M_V07_A_GLD_ALL,industrycat4_2,p50_w,3.0,yes
MEX_2025_ENOE_V01_M_V07_A_GLD_ALL,industrycat4_2,p75_w,3.0,yes
MEX_2025_ENOE_V01_M_V07_A_GLD_ALL,industrycat4_2,p90_w,4.0,yes
MEX_2025_ENOE_V01_M_V07_A_GLD_ALL,industrycat4_2,p95_w,4.0,yes
MEX_2025_ENOE_V01_M_V07_A_GLD_ALL,industrycat4_2,p99_w,4.0,yes
MEX_2025_ENOE_V01_M_V07_A_GLD_ALL,occup_orig_2,missing_share,0.9743983690232026,no
MEX_2025_ENOE_V01_M_V07_A_GLD_ALL,occup_orig_2,non_missing_n,10448.0,no
MEX_2025_ENOE_V01_M_V07_A_GLD_ALL,occup_orig_2,zero_share,0.0,no
MEX_2025_ENOE_V01_M_V07_A_GLD_ALL,occup_orig_2,mean,5787.167687595712,no
MEX_2025_ENOE_V01_M_V07_A_GLD_ALL,occup_orig_2,sd,2525.6859493439533,no
MEX_2025_ENOE_V01_M_V07_A_GLD_ALL,occup_orig_2,max,9999.0,no
MEX_2025_ENOE_V01_M_V07_A_GLD_ALL,occup_orig_2,min,1113.0,no
MEX_2025_ENOE_V01_M_V07_A_GLD_ALL,occup_orig_2,num,10448.0,no
MEX_2025_ENOE_V01_M_V07_A_GLD_ALL,occup_orig_2,skewness,0.0770900265847351,no
MEX_2025_ENOE_V01_M_V07_A_GLD_ALL,occup_orig_2,kurtosis,-1.2703073761647963,no
MEX_2025_ENOE_V01_M_V07_A_GLD_ALL,occup_orig_2,p01,1422.0,no
MEX_2025_ENOE_V01_M_V07_A_GLD_ALL,occup_orig_2,p05,2172.0,no
MEX_2025_ENOE_V01_M_V07_A_GLD_ALL,occup_orig_2,p10,2332.0,no
MEX_2025_ENOE_V01_M_V07_A_GLD_ALL,occup_orig_2,p25,4111.0,no
MEX_2025_ENOE_V01_M_V07_A_GLD_ALL,occup_orig_2,p50,5313.0,no
MEX_2025_ENOE_V01_M_V07_A_GLD_ALL,occup_orig_2,p75,8341.0,no
MEX_2025_ENOE_V01_M_V07_A_GLD_ALL,occup_orig_2,p90,9411.0,no
MEX_2025_ENOE_V01_M_V07_A_GLD_ALL,occup_orig_2,p95,9611.0,no
MEX_2025_ENOE_V01_M_V07_A_GLD_ALL,occup_orig_2,p99,9643.0,no
MEX_2025_ENOE_V01_M_V07_A_GLD_ALL,occup_orig_2,missing_share_w,0.9761932215196895,yes
MEX_2025_ENOE_V01_M_V07_A_GLD_ALL,occup_orig_2,zero_share_w,0.0,yes
MEX_2025_ENOE_V01_M_V07_A_GLD_ALL,occup_orig_2,mean_w,5910.887513471032,yes
MEX_2025_ENOE_V01_M_V07_A_GLD_ALL,occup_orig_2,sd_w,2488.448445692696,yes
MEX_2025_ENOE_V01_M_V07_A_GLD_ALL,occup_orig_2,p01_w,1412.0,yes
MEX_2025_ENOE_V01_M_V07_A_GLD_ALL,occup_orig_2,p05_w,2174.0,yes
MEX_2025_ENOE_V01_M_V07_A_GLD_ALL,occup_orig_2,p10_w,2411.0,yes
MEX_2025_ENOE_V01_M_V07_A_GLD_ALL,occup_orig_2,p25_w,4111.0,yes
MEX_2025_ENOE_V01_M_V07_A_GLD_ALL,occup_orig_2,p50_w,6111.0,yes
MEX_2025_ENOE_V01_M_V07_A_GLD_ALL,occup_orig_2,p75_w,8342.0,yes
MEX_2025_ENOE_V01_M_V07_A_GLD_ALL,occup_orig_2,p90_w,9331.0,yes
MEX_2025_ENOE_V01_M_V07_A_GLD_ALL,occup_orig_2,p95_w,9611.0,yes
MEX_2025_ENOE_V01_M_V07_A_GLD_ALL,occup_orig_2,p99_w,9643.0,yes
MEX_2025_ENOE_V01_M_V07_A_GLD_ALL,occup_skill_2,missing_share,0.9771746561496107,no
MEX_2025_ENOE_V01_M_V07_A_GLD_ALL,occup_skill_2,non_missing_n,9315.0,no
MEX_2025_ENOE_V01_M_V07_A_GLD_ALL,occup_skill_2,zero_share,0.0,no
MEX_2025_ENOE_V01_M_V07_A_GLD_ALL,occup_skill_2,mean,2.0792270531400967,no
MEX_2025_ENOE_V01_M_V07_A_GLD_ALL,occup_skill_2,sd,0.5959143007619438,no
MEX_2025_ENOE_V01_M_V07_A_GLD_ALL,occup_skill_2,max,3.0,no
MEX_2025_ENOE_V01_M_V07_A_GLD_ALL,occup_skill_2,min,1.0,no
MEX_2025_ENOE_V01_M_V07_A_GLD_ALL,occup_skill_2,num,9315.0,no
MEX_2025_ENOE_V01_M_V07_A_GLD_ALL,occup_skill_2,skewness,-0.026778917792097512,no
MEX_2025_ENOE_V01_M_V07_A_GLD_ALL,occup_skill_2,kurtosis,-0.22552984354705696,no
MEX_2025_ENOE_V01_M_V07_A_GLD_ALL,occup_skill_2,p01,1.0,no
MEX_2025_ENOE_V01_M_V07_A_GLD_ALL,occup_skill_2,p05,1.0,no
MEX_2025_ENOE_V01_M_V07_A_GLD_ALL,occup_skill_2,p10,1.0,no
MEX_2025_ENOE_V01_M_V07_A_GLD_ALL,occup_skill_2,p25,2.0,no
MEX_2025_ENOE_V01_M_V07_A_GLD_ALL,occup_skill_2,p50,2.0,no
MEX_2025_ENOE_V01_M_V07_A_GLD_ALL,occup_skill_2,p75,2.0,no
MEX_2025_ENOE_V01_M_V07_A_GLD_ALL,occup_skill_2,p90,3.0,no
MEX_2025_ENOE_V01_M_V07_A_GLD_ALL,occup_skill_2,p95,3.0,no
MEX_2025_ENOE_V01_M_V07_A_GLD_ALL,occup_skill_2,p99,3.0,no
MEX_2025_ENOE_V01_M_V07_A_GLD_ALL,occup_skill_2,missing_share_w,0.9792665093420183,yes
MEX_2025_ENOE_V01_M_V07_A_GLD_ALL,occup_skill_2,zero_share_w,0.0,yes
MEX_2025_ENOE_V01_M_V07_A_GLD_ALL,occup_skill_2,mean_w,2.054334063663538,yes
MEX_2025_ENOE_V01_M_V07_A_GLD_ALL,occup_skill_2,sd_w,0.5863485016498381,yes
MEX_2025_ENOE_V01_M_V07_A_GLD_ALL,occup_skill_2,p01_w,1.0,yes
MEX_2025_ENOE_V01_M_V07_A_GLD_ALL,occup_skill_2,p05_w,1.0,yes
MEX_2025_ENOE_V01_M_V07_A_GLD_ALL,occup_skill_2,p10_w,1.0,yes
MEX_2025_ENOE_V01_M_V07_A_GLD_ALL,occup_skill_2,p25_w,2.0,yes
MEX_2025_ENOE_V01_M_V07_A_GLD_ALL,occup_skill_2,p50_w,2.0,yes
MEX_2025_ENOE_V01_M_V07_A_GLD_ALL,occup_skill_2,p75_w,2.0,yes
MEX_2025_ENOE_V01_M_V07_A_GLD_ALL,occup_skill_2,p90_w,3.0,yes
MEX_2025_ENOE_V01_M_V07_A_GLD_ALL,occup_skill_2,p95_w,3.0,yes
MEX_2025_ENOE_V01_M_V07_A_GLD_ALL,occup_skill_2,p99_w,3.0,yes
MEX_2025_ENOE_V01_M_V07_A_GLD_ALL,occup_2,missing_share,0.9751163320664838,no
MEX_2025_ENOE_V01_M_V07_A_GLD_ALL,occup_2,non_missing_n,10155.0,no
MEX_2025_ENOE_V01_M_V07_A_GLD_ALL,occup_2,zero_share,0.0,no
MEX_2025_ENOE_V01_M_V07_A_GLD_ALL,occup_2,mean,5.865780403741999,no
MEX_2025_ENOE_V01_M_V07_A_GLD_ALL,occup_2,sd,2.332260387668023,no
MEX_2025_ENOE_V01_M_V07_A_GLD_ALL,occup_2,max,9.0,no
MEX_2025_ENOE_V01_M_V07_A_GLD_ALL,occup_2,min,1.0,no
MEX_2025_ENOE_V01_M_V07_A_GLD_ALL,occup_2,num,10155.0,no
MEX_2025_ENOE_V01_M_V07_A_GLD_ALL,occup_2,skewness,-0.2529445465066135,no
MEX_2025_ENOE_V01_M_V07_A_GLD_ALL,occup_2,kurtosis,-0.9383258045924374,no
MEX_2025_ENOE_V01_M_V07_A_GLD_ALL,occup_2,p01,1.0,no
MEX_2025_ENOE_V01_M_V07_A_GLD_ALL,occup_2,p05,2.0,no
MEX_2025_ENOE_V01_M_V07_A_GLD_ALL,occup_2,p10,2.0,no
MEX_2025_ENOE_V01_M_V07_A_GLD_ALL,occup_2,p25,5.0,no
MEX_2025_ENOE_V01_M_V07_A_GLD_ALL,occup_2,p50,6.0,no
MEX_2025_ENOE_V01_M_V07_A_GLD_ALL,occup_2,p75,8.0,no
MEX_2025_ENOE_V01_M_V07_A_GLD_ALL,occup_2,p90,9.0,no
MEX_2025_ENOE_V01_M_V07_A_GLD_ALL,occup_2,p95,9.0,no
MEX_2025_ENOE_V01_M_V07_A_GLD_ALL,occup_2,p99,9.0,no
MEX_2025_ENOE_V01_M_V07_A_GLD_ALL,occup_2,missing_share_w,0.9768451518763612,yes
MEX_2025_ENOE_V01_M_V07_A_GLD_ALL,occup_2,zero_share_w,0.0,yes
MEX_2025_ENOE_V01_M_V07_A_GLD_ALL,occup_2,mean_w,5.992677012848937,yes
MEX_2025_ENOE_V01_M_V07_A_GLD_ALL,occup_2,sd_w,2.3100844001447327,yes
MEX_2025_ENOE_V01_M_V07_A_GLD_ALL,occup_2,p01_w,1.0,yes
MEX_2025_ENOE_V01_M_V07_A_GLD_ALL,occup_2,p05_w,2.0,yes
MEX_2025_ENOE_V01_M_V07_A_GLD_ALL,occup_2,p10_w,2.0,yes
MEX_2025_ENOE_V01_M_V07_A_GLD_ALL,occup_2,p25_w,5.0,yes
MEX_2025_ENOE_V01_M_V07_A_GLD_ALL,occup_2,p50_w,6.0,yes
MEX_2025_ENOE_V01_M_V07_A_GLD_ALL,occup_2,p75_w,8.0,yes
MEX_2025_ENOE_V01_M_V07_A_GLD_ALL,occup_2,p90_w,9.0,yes
MEX_2025_ENOE_V01_M_V07_A_GLD_ALL,occup_2,p95_w,9.0,yes
MEX_2025_ENOE_V01_M_V07_A_GLD_ALL,occup_2,p99_w,9.0,yes
MEX_2025_ENOE_V01_M_V07_A_GLD_ALL,firmsize_l_2,missing_share,0.9972212624877786,no
MEX_2025_ENOE_V01_M_V07_A_GLD_ALL,firmsize_l_2,non_missing_n,1134.0,no
MEX_2025_ENOE_V01_M_V07_A_GLD_ALL,firmsize_l_2,zero_share,0.0,no
MEX_2025_ENOE_V01_M_V07_A_GLD_ALL,firmsize_l_2,mean,1.0,no
MEX_2025_ENOE_V01_M_V07_A_GLD_ALL,firmsize_l_2,sd,0.0,no
MEX_2025_ENOE_V01_M_V07_A_GLD_ALL,firmsize_l_2,max,1.0,no
MEX_2025_ENOE_V01_M_V07_A_GLD_ALL,firmsize_l_2,min,1.0,no
MEX_2025_ENOE_V01_M_V07_A_GLD_ALL,firmsize_l_2,num,1134.0,no
MEX_2025_ENOE_V01_M_V07_A_GLD_ALL,firmsize_l_2,skewness,0.0,no
MEX_2025_ENOE_V01_M_V07_A_GLD_ALL,firmsize_l_2,kurtosis,0.0,no
MEX_2025_ENOE_V01_M_V07_A_GLD_ALL,firmsize_l_2,p01,1.0,no
MEX_2025_ENOE_V01_M_V07_A_GLD_ALL,firmsize_l_2,p05,1.0,no
MEX_2025_ENOE_V01_M_V07_A_GLD_ALL,firmsize_l_2,p10,1.0,no
MEX_2025_ENOE_V01_M_V07_A_GLD_ALL,firmsize_l_2,p25,1.0,no
MEX_2025_ENOE_V01_M_V07_A_GLD_ALL,firmsize_l_2,p50,1.0,no
MEX_2025_ENOE_V01_M_V07_A_GLD_ALL,firmsize_l_2,p75,1.0,no
MEX_2025_ENOE_V01_M_V07_A_GLD_ALL,firmsize_l_2,p90,1.0,no
MEX_2025_ENOE_V01_M_V07_A_GLD_ALL,firmsize_l_2,p95,1.0,no
MEX_2025_ENOE_V01_M_V07_A_GLD_ALL,firmsize_l_2,p99,1.0,no
MEX_2025_ENOE_V01_M_V07_A_GLD_ALL,firmsize_l_2,missing_share_w,0.9965830373086009,yes
MEX_2025_ENOE_V01_M_V07_A_GLD_ALL,firmsize_l_2,zero_share_w,0.0,yes
MEX_2025_ENOE_V01_M_V07_A_GLD_ALL,firmsize_l_2,mean_w,1.0,yes
MEX_2025_ENOE_V01_M_V07_A_GLD_ALL,firmsize_l_2,sd_w,0.0,yes
MEX_2025_ENOE_V01_M_V07_A_GLD_ALL,firmsize_l_2,p01_w,1.0,yes
MEX_2025_ENOE_V01_M_V07_A_GLD_ALL,firmsize_l_2,p05_w,1.0,yes
MEX_2025_ENOE_V01_M_V07_A_GLD_ALL,firmsize_l_2,p10_w,1.0,yes
MEX_2025_ENOE_V01_M_V07_A_GLD_ALL,firmsize_l_2,p25_w,1.0,yes
MEX_2025_ENOE_V01_M_V07_A_GLD_ALL,firmsize_l_2,p50_w,1.0,yes
MEX_2025_ENOE_V01_M_V07_A_GLD_ALL,firmsize_l_2,p75_w,1.0,yes
MEX_2025_ENOE_V01_M_V07_A_GLD_ALL,firmsize_l_2,p90_w,1.0,yes
MEX_2025_ENOE_V01_M_V07_A_GLD_ALL,firmsize_l_2,p95_w,1.0,yes
MEX_2025_ENOE_V01_M_V07_A_GLD_ALL,firmsize_l_2,p99_w,1.0,yes
MEX_2025_ENOE_V01_M_V07_A_GLD_ALL,firmsize_u_2,missing_share,0.9972212624877786,no
MEX_2025_ENOE_V01_M_V07_A_GLD_ALL,firmsize_u_2,non_missing_n,1134.0,no
MEX_2025_ENOE_V01_M_V07_A_GLD_ALL,firmsize_u_2,zero_share,0.0,no
MEX_2025_ENOE_V01_M_V07_A_GLD_ALL,firmsize_u_2,mean,1.0,no
MEX_2025_ENOE_V01_M_V07_A_GLD_ALL,firmsize_u_2,sd,0.0,no
MEX_2025_ENOE_V01_M_V07_A_GLD_ALL,firmsize_u_2,max,1.0,no
MEX_2025_ENOE_V01_M_V07_A_GLD_ALL,firmsize_u_2,min,1.0,no
MEX_2025_ENOE_V01_M_V07_A_GLD_ALL,firmsize_u_2,num,1134.0,no
MEX_2025_ENOE_V01_M_V07_A_GLD_ALL,firmsize_u_2,skewness,0.0,no
MEX_2025_ENOE_V01_M_V07_A_GLD_ALL,firmsize_u_2,kurtosis,0.0,no
MEX_2025_ENOE_V01_M_V07_A_GLD_ALL,firmsize_u_2,p01,1.0,no
MEX_2025_ENOE_V01_M_V07_A_GLD_ALL,firmsize_u_2,p05,1.0,no
MEX_2025_ENOE_V01_M_V07_A_GLD_ALL,firmsize_u_2,p10,1.0,no
MEX_2025_ENOE_V01_M_V07_A_GLD_ALL,firmsize_u_2,p25,1.0,no
MEX_2025_ENOE_V01_M_V07_A_GLD_ALL,firmsize_u_2,p50,1.0,no
MEX_2025_ENOE_V01_M_V07_A_GLD_ALL,firmsize_u_2,p75,1.0,no
MEX_2025_ENOE_V01_M_V07_A_GLD_ALL,firmsize_u_2,p90,1.0,no
MEX_2025_ENOE_V01_M_V07_A_GLD_ALL,firmsize_u_2,p95,1.0,no
MEX_2025_ENOE_V01_M_V07_A_GLD_ALL,firmsize_u_2,p99,1.0,no
MEX_2025_ENOE_V01_M_V07_A_GLD_ALL,firmsize_u_2,missing_share_w,0.9965830373086009,yes
MEX_2025_ENOE_V01_M_V07_A_GLD_ALL,firmsize_u_2,zero_share_w,0.0,yes
MEX_2025_ENOE_V01_M_V07_A_GLD_ALL,firmsize_u_2,mean_w,1.0,yes
MEX_2025_ENOE_V01_M_V07_A_GLD_ALL,firmsize_u_2,sd_w,0.0,yes
MEX_2025_ENOE_V01_M_V07_A_GLD_ALL,firmsize_u_2,p01_w,1.0,yes
MEX_2025_ENOE_V01_M_V07_A_GLD_ALL,firmsize_u_2,p05_w,1.0,yes
MEX_2025_ENOE_V01_M_V07_A_GLD_ALL,firmsize_u_2,p10_w,1.0,yes
MEX_2025_ENOE_V01_M_V07_A_GLD_ALL,firmsize_u_2,p25_w,1.0,yes
MEX_2025_ENOE_V01_M_V07_A_GLD_ALL,firmsize_u_2,p50_w,1.0,yes
MEX_2025_ENOE_V01_M_V07_A_GLD_ALL,firmsize_u_2,p75_w,1.0,yes
MEX_2025_ENOE_V01_M_V07_A_GLD_ALL,firmsize_u_2,p90_w,1.0,yes
MEX_2025_ENOE_V01_M_V07_A_GLD_ALL,firmsize_u_2,p95_w,1.0,yes
MEX_2025_ENOE_V01_M_V07_A_GLD_ALL,firmsize_u_2,p99_w,1.0,yes
MEX_2025_ENOE_V01_M_V07_A_GLD_ALL,t_hours_total,missing_share,0.7369192279324379,no
MEX_2025_ENOE_V01_M_V07_A_GLD_ALL,t_hours_total,non_missing_n,107363.0,no
MEX_2025_ENOE_V01_M_V07_A_GLD_ALL,t_hours_total,zero_share,0.0,no
MEX_2025_ENOE_V01_M_V07_A_GLD_ALL,t_hours_total,mean,2210.2958984375,no
MEX_2025_ENOE_V01_M_V07_A_GLD_ALL,t_hours_total,sd,3150.553955078125,no
MEX_2025_ENOE_V01_M_V07_A_GLD_ALL,t_hours_total,max,47952.0,no
MEX_2025_ENOE_V01_M_V07_A_GLD_ALL,t_hours_total,min,8.0,no
MEX_2025_ENOE_V01_M_V07_A_GLD_ALL,t_hours_total,num,107363.0,no
MEX_2025_ENOE_V01_M_V07_A_GLD_ALL,t_hours_total,skewness,13.4714937210083,no
MEX_2025_ENOE_V01_M_V07_A_GLD_ALL,t_hours_total,kurtosis,192.66043090820312,no
MEX_2025_ENOE_V01_M_V07_A_GLD_ALL,t_hours_total,p01,192.0,no
MEX_2025_ENOE_V01_M_V07_A_GLD_ALL,t_hours_total,p05,480.0,no
MEX_2025_ENOE_V01_M_V07_A_GLD_ALL,t_hours_total,p10,816.0,no
MEX_2025_ENOE_V01_M_V07_A_GLD_ALL,t_hours_total,p25,1536.0,no
MEX_2025_ENOE_V01_M_V07_A_GLD_ALL,t_hours_total,p50,2160.0,no
MEX_2025_ENOE_V01_M_V07_A_GLD_ALL,t_hours_total,p75,2352.0,no
MEX_2025_ENOE_V01_M_V07_A_GLD_ALL,t_hours_total,p90,2880.0,no
MEX_2025_ENOE_V01_M_V07_A_GLD_ALL,t_hours_total,p95,3456.0,no
MEX_2025_ENOE_V01_M_V07_A_GLD_ALL,t_hours_total,p99,4368.0,no
MEX_2025_ENOE_V01_M_V07_A_GLD_ALL,t_hours_total,missing_share_w,0.7522377167512522,yes
MEX_2025_ENOE_V01_M_V07_A_GLD_ALL,t_hours_total,zero_share_w,0.0,yes
MEX_2025_ENOE_V01_M_V07_A_GLD_ALL,t_hours_total,mean_w,2237.8693343614746,yes
MEX_2025_ENOE_V01_M_V07_A_GLD_ALL,t_hours_total,sd_w,3362.981485991915,yes
MEX_2025_ENOE_V01_M_V07_A_GLD_ALL,t_hours_total,p01_w,192.0,yes
MEX_2025_ENOE_V01_M_V07_A_GLD_ALL,t_hours_total,p05_w,480.0,yes
MEX_2025_ENOE_V01_M_V07_A_GLD_ALL,t_hours_total,p10_w,816.0,yes
MEX_2025_ENOE_V01_M_V07_A_GLD_ALL,t_hours_total,p25_w,1536.0,yes
MEX_2025_ENOE_V01_M_V07_A_GLD_ALL,t_hours_total,p50_w,2160.0,yes
MEX_2025_ENOE_V01_M_V07_A_GLD_ALL,t_hours_total,p75_w,2400.0,yes
MEX_2025_ENOE_V01_M_V07_A_GLD_ALL,t_hours_total,p90_w,2880.0,yes
MEX_2025_ENOE_V01_M_V07_A_GLD_ALL,t_hours_total,p95_w,3360.0,yes
MEX_2025_ENOE_V01_M_V07_A_GLD_ALL,t_hours_total,p99_w,4368.0,yes
MEX_2025_ENOE_V01_M_V07_A_GLD_ALL,t_wage_nocompen_total,missing_share,0.7307271029823645,no
MEX_2025_ENOE_V01_M_V07_A_GLD_ALL,t_wage_nocompen_total,non_missing_n,109890.0,no
MEX_2025_ENOE_V01_M_V07_A_GLD_ALL,t_wage_nocompen_total,zero_share,0.012443059159664689,no
MEX_2025_ENOE_V01_M_V07_A_GLD_ALL,t_wage_nocompen_total,mean,129920.515625,no
MEX_2025_ENOE_V01_M_V07_A_GLD_ALL,t_wage_nocompen_total,sd,110427.6015625,no
MEX_2025_ENOE_V01_M_V07_A_GLD_ALL,t_wage_nocompen_total,max,3000000.0,no
MEX_2025_ENOE_V01_M_V07_A_GLD_ALL,t_wage_nocompen_total,min,0.0,no
MEX_2025_ENOE_V01_M_V07_A_GLD_ALL,t_wage_nocompen_total,num,109890.0,no
MEX_2025_ENOE_V01_M_V07_A_GLD_ALL,t_wage_nocompen_total,skewness,4.158239841461182,no
MEX_2025_ENOE_V01_M_V07_A_GLD_ALL,t_wage_nocompen_total,kurtosis,43.824771881103516,no
MEX_2025_ENOE_V01_M_V07_A_GLD_ALL,t_wage_nocompen_total,p01,0.0,no
MEX_2025_ENOE_V01_M_V07_A_GLD_ALL,t_wage_nocompen_total,p05,5160.0,no
MEX_2025_ENOE_V01_M_V07_A_GLD_ALL,t_wage_nocompen_total,p10,25800.0,no
MEX_2025_ENOE_V01_M_V07_A_GLD_ALL,t_wage_nocompen_total,p25,72000.0,no
MEX_2025_ENOE_V01_M_V07_A_GLD_ALL,t_wage_nocompen_total,p50,108360.0,no
MEX_2025_ENOE_V01_M_V07_A_GLD_ALL,t_wage_nocompen_total,p75,156000.0,no
MEX_2025_ENOE_V01_M_V07_A_GLD_ALL,t_wage_nocompen_total,p90,240000.0,no
MEX_2025_ENOE_V01_M_V07_A_GLD_ALL,t_wage_nocompen_total,p95,309600.0,no
MEX_2025_ENOE_V01_M_V07_A_GLD_ALL,t_wage_nocompen_total,p99,528000.0,no
MEX_2025_ENOE_V01_M_V07_A_GLD_ALL,t_wage_nocompen_total,missing_share_w,0.7468104522564181,yes
MEX_2025_ENOE_V01_M_V07_A_GLD_ALL,t_wage_nocompen_total,zero_share_w,0.013593844105393943,yes
MEX_2025_ENOE_V01_M_V07_A_GLD_ALL,t_wage_nocompen_total,mean_w,124343.98192884181,yes
MEX_2025_ENOE_V01_M_V07_A_GLD_ALL,t_wage_nocompen_total,sd_w,110518.84575324449,yes
MEX_2025_ENOE_V01_M_V07_A_GLD_ALL,t_wage_nocompen_total,p01_w,0.0,yes
MEX_2025_ENOE_V01_M_V07_A_GLD_ALL,t_wage_nocompen_total,p05_w,0.0,yes
MEX_2025_ENOE_V01_M_V07_A_GLD_ALL,t_wage_nocompen_total,p10_w,20640.0,yes
MEX_2025_ENOE_V01_M_V07_A_GLD_ALL,t_wage_nocompen_total,p25_w,61920.0,yes
MEX_2025_ENOE_V01_M_V07_A_GLD_ALL,t_wage_nocompen_total,p50_w,103200.0,yes
MEX_2025_ENOE_V01_M_V07_A_GLD_ALL,t_wage_nocompen_total,p75_w,154800.0,yes
MEX_2025_ENOE_V01_M_V07_A_GLD_ALL,t_wage_nocompen_total,p90_w,225600.0,yes
MEX_2025_ENOE_V01_M_V07_A_GLD_ALL,t_wage_nocompen_total,p95_w,300000.0,yes
MEX_2025_ENOE_V01_M_V07_A_GLD_ALL,t_wage_nocompen_total,p99_w,528000.0,yes
MEX_2025_ENOE_V01_M_V07_A_GLD_ALL,t_wage_total,missing_share,0.7307271029823645,no
MEX_2025_ENOE_V01_M_V07_A_GLD_ALL,t_wage_total,non_missing_n,109890.0,no
MEX_2025_ENOE_V01_M_V07_A_GLD_ALL,t_wage_total,zero_share,0.012443059159664689,no
MEX_2025_ENOE_V01_M_V07_A_GLD_ALL,t_wage_total,mean,129920.515625,no
MEX_2025_ENOE_V01_M_V07_A_GLD_ALL,t_wage_total,sd,110427.6015625,no
MEX_2025_ENOE_V01_M_V07_A_GLD_ALL,t_wage_total,max,3000000.0,no
MEX_2025_ENOE_V01_M_V07_A_GLD_ALL,t_wage_total,min,0.0,no
MEX_2025_ENOE_V01_M_V07_A_GLD_ALL,t_wage_total,num,109890.0,no
MEX_2025_ENOE_V01_M_V07_A_GLD_ALL,t_wage_total,skewness,4.158239841461182,no
MEX_2025_ENOE_V01_M_V07_A_GLD_ALL,t_wage_total,kurtosis,43.824771881103516,no
MEX_2025_ENOE_V01_M_V07_A_GLD_ALL,t_wage_total,p01,0.0,no
MEX_2025_ENOE_V01_M_V07_A_GLD_ALL,t_wage_total,p05,5160.0,no
MEX_2025_ENOE_V01_M_V07_A_GLD_ALL,t_wage_total,p10,25800.0,no
MEX_2025_ENOE_V01_M_V07_A_GLD_ALL,t_wage_total,p25,72000.0,no
MEX_2025_ENOE_V01_M_V07_A_GLD_ALL,t_wage_total,p50,108360.0,no
MEX_2025_ENOE_V01_M_V07_A_GLD_ALL,t_wage_total,p75,156000.0,no
MEX_2025_ENOE_V01_M_V07_A_GLD_ALL,t_wage_total,p90,240000.0,no
MEX_2025_ENOE_V01_M_V07_A_GLD_ALL,t_wage_total,p95,309600.0,no
MEX_2025_ENOE_V01_M_V07_A_GLD_ALL,t_wage_total,p99,528000.0,no
MEX_2025_ENOE_V01_M_V07_A_GLD_ALL,t_wage_total,missing_share_w,0.7468104522564181,yes
MEX_2025_ENOE_V01_M_V07_A_GLD_ALL,t_wage_total,zero_share_w,0.013593844105393943,yes
MEX_2025_ENOE_V01_M_V07_A_GLD_ALL,t_wage_total,mean_w,124343.98192884181,yes
MEX_2025_ENOE_V01_M_V07_A_GLD_ALL,t_wage_total,sd_w,110518.84575324449,yes
MEX_2025_ENOE_V01_M_V07_A_GLD_ALL,t_wage_total,p01_w,0.0,yes
MEX_2025_ENOE_V01_M_V07_A_GLD_ALL,t_wage_total,p05_w,0.0,yes
MEX_2025_ENOE_V01_M_V07_A_GLD_ALL,t_wage_total,p10_w,20640.0,yes
MEX_2025_ENOE_V01_M_V07_A_GLD_ALL,t_wage_total,p25_w,61920.0,yes
MEX_2025_ENOE_V01_M_V07_A_GLD_ALL,t_wage_total,p50_w,103200.0,yes
MEX_2025_ENOE_V01_M_V07_A_GLD_ALL,t_wage_total,p75_w,154800.0,yes
MEX_2025_ENOE_V01_M_V07_A_GLD_ALL,t_wage_total,p90_w,225600.0,yes
MEX_2025_ENOE_V01_M_V07_A_GLD_ALL,t_wage_total,p95_w,300000.0,yes
MEX_2025_ENOE_V01_M_V07_A_GLD_ALL,t_wage_total,p99_w,528000.0,yes
MEX_2025_ENOE_V01_M_V07_A_GLD_ALL,wage_total_year,missing_share,0.7307271029823645,no
MEX_2025_ENOE_V01_M_V07_A_GLD_ALL,wage_total_year,non_missing_n,109890.0,no
MEX_2025_ENOE_V01_M_V07_A_GLD_ALL,wage_total_year,zero_share,0.012443059159664689,no
MEX_2025_ENOE_V01_M_V07_A_GLD_ALL,wage_total_year,mean,129920.515625,no
MEX_2025_ENOE_V01_M_V07_A_GLD_ALL,wage_total_year,sd,110427.6015625,no
MEX_2025_ENOE_V01_M_V07_A_GLD_ALL,wage_total_year,max,3000000.0,no
MEX_2025_ENOE_V01_M_V07_A_GLD_ALL,wage_total_year,min,0.0,no
MEX_2025_ENOE_V01_M_V07_A_GLD_ALL,wage_total_year,num,109890.0,no
MEX_2025_ENOE_V01_M_V07_A_GLD_ALL,wage_total_year,skewness,4.158239841461182,no
MEX_2025_ENOE_V01_M_V07_A_GLD_ALL,wage_total_year,kurtosis,43.824771881103516,no
MEX_2025_ENOE_V01_M_V07_A_GLD_ALL,wage_total_year,p01,0.0,no
MEX_2025_ENOE_V01_M_V07_A_GLD_ALL,wage_total_year,p05,5160.0,no
MEX_2025_ENOE_V01_M_V07_A_GLD_ALL,wage_total_year,p10,25800.0,no
MEX_2025_ENOE_V01_M_V07_A_GLD_ALL,wage_total_year,p25,72000.0,no
MEX_2025_ENOE_V01_M_V07_A_GLD_ALL,wage_total_year,p50,108360.0,no
MEX_2025_ENOE_V01_M_V07_A_GLD_ALL,wage_total_year,p75,156000.0,no
MEX_2025_ENOE_V01_M_V07_A_GLD_ALL,wage_total_year,p90,240000.0,no
MEX_2025_ENOE_V01_M_V07_A_GLD_ALL,wage_total_year,p95,309600.0,no
MEX_2025_ENOE_V01_M_V07_A_GLD_ALL,wage_total_year,p99,528000.0,no
MEX_2025_ENOE_V01_M_V07_A_GLD_ALL,wage_total_year,missing_share_w,0.7468104522564181,yes
MEX_2025_ENOE_V01_M_V07_A_GLD_ALL,wage_total_year,zero_share_w,0.013593844105393943,yes
MEX_2025_ENOE_V01_M_V07_A_GLD_ALL,wage_total_year,mean_w,124343.98192884181,yes
MEX_2025_ENOE_V01_M_V07_A_GLD_ALL,wage_total_year,sd_w,110518.84575324449,yes
MEX_2025_ENOE_V01_M_V07_A_GLD_ALL,wage_total_year,p01_w,0.0,yes
MEX_2025_ENOE_V01_M_V07_A_GLD_ALL,wage_total_year,p05_w,0.0,yes
MEX_2025_ENOE_V01_M_V07_A_GLD_ALL,wage_total_year,p10_w,20640.0,yes
MEX_2025_ENOE_V01_M_V07_A_GLD_ALL,wage_total_year,p25_w,61920.0,yes
MEX_2025_ENOE_V01_M_V07_A_GLD_ALL,wage_total_year,p50_w,103200.0,yes
MEX_2025_ENOE_V01_M_V07_A_GLD_ALL,wage_total_year,p75_w,154800.0,yes
MEX_2025_ENOE_V01_M_V07_A_GLD_ALL,wage_total_year,p90_w,225600.0,yes
MEX_2025_ENOE_V01_M_V07_A_GLD_ALL,wage_total_year,p95_w,300000.0,yes
MEX_2025_ENOE_V01_M_V07_A_GLD_ALL,wage_total_year,p99_w,528000.0,yes
MEX_2025_ENOE_V01_M_V07_A_GLD_ALL,t_wage_nocompen_total_year,missing_share,0.7307271029823645,no
MEX_2025_ENOE_V01_M_V07_A_GLD_ALL,t_wage_nocompen_total_year,non_missing_n,109890.0,no
MEX_2025_ENOE_V01_M_V07_A_GLD_ALL,t_wage_nocompen_total_year,zero_share,0.012443059159664689,no
MEX_2025_ENOE_V01_M_V07_A_GLD_ALL,t_wage_nocompen_total_year,mean,129920.515625,no
MEX_2025_ENOE_V01_M_V07_A_GLD_ALL,t_wage_nocompen_total_year,sd,110427.6015625,no
MEX_2025_ENOE_V01_M_V07_A_GLD_ALL,t_wage_nocompen_total_year,max,3000000.0,no
MEX_2025_ENOE_V01_M_V07_A_GLD_ALL,t_wage_nocompen_total_year,min,0.0,no
MEX_2025_ENOE_V01_M_V07_A_GLD_ALL,t_wage_nocompen_total_year,num,109890.0,no
MEX_2025_ENOE_V01_M_V07_A_GLD_ALL,t_wage_nocompen_total_year,skewness,4.158239841461182,no
MEX_2025_ENOE_V01_M_V07_A_GLD_ALL,t_wage_nocompen_total_year,kurtosis,43.824771881103516,no
MEX_2025_ENOE_V01_M_V07_A_GLD_ALL,t_wage_nocompen_total_year,p01,0.0,no
MEX_2025_ENOE_V01_M_V07_A_GLD_ALL,t_wage_nocompen_total_year,p05,5160.0,no
MEX_2025_ENOE_V01_M_V07_A_GLD_ALL,t_wage_nocompen_total_year,p10,25800.0,no
MEX_2025_ENOE_V01_M_V07_A_GLD_ALL,t_wage_nocompen_total_year,p25,72000.0,no
MEX_2025_ENOE_V01_M_V07_A_GLD_ALL,t_wage_nocompen_total_year,p50,108360.0,no
MEX_2025_ENOE_V01_M_V07_A_GLD_ALL,t_wage_nocompen_total_year,p75,156000.0,no
MEX_2025_ENOE_V01_M_V07_A_GLD_ALL,t_wage_nocompen_total_year,p90,240000.0,no
MEX_2025_ENOE_V01_M_V07_A_GLD_ALL,t_wage_nocompen_total_year,p95,309600.0,no
MEX_2025_ENOE_V01_M_V07_A_GLD_ALL,t_wage_nocompen_total_year,p99,528000.0,no
MEX_2025_ENOE_V01_M_V07_A_GLD_ALL,t_wage_nocompen_total_year,missing_share_w,0.7468104522564181,yes
MEX_2025_ENOE_V01_M_V07_A_GLD_ALL,t_wage_nocompen_total_year,zero_share_w,0.013593844105393943,yes
MEX_2025_ENOE_V01_M_V07_A_GLD_ALL,t_wage_nocompen_total_year,mean_w,124343.98192884181,yes
MEX_2025_ENOE_V01_M_V07_A_GLD_ALL,t_wage_nocompen_total_year,sd_w,110518.84575324449,yes
MEX_2025_ENOE_V01_M_V07_A_GLD_ALL,t_wage_nocompen_total_year,p01_w,0.0,yes
MEX_2025_ENOE_V01_M_V07_A_GLD_ALL,t_wage_nocompen_total_year,p05_w,0.0,yes
MEX_2025_ENOE_V01_M_V07_A_GLD_ALL,t_wage_nocompen_total_year,p10_w,20640.0,yes
MEX_2025_ENOE_V01_M_V07_A_GLD_ALL,t_wage_nocompen_total_year,p25_w,61920.0,yes
MEX_2025_ENOE_V01_M_V07_A_GLD_ALL,t_wage_nocompen_total_year,p50_w,103200.0,yes
MEX_2025_ENOE_V01_M_V07_A_GLD_ALL,t_wage_nocompen_total_year,p75_w,154800.0,yes
MEX_2025_ENOE_V01_M_V07_A_GLD_ALL,t_wage_nocompen_total_year,p90_w,225600.0,yes
MEX_2025_ENOE_V01_M_V07_A_GLD_ALL,t_wage_nocompen_total_year,p95_w,300000.0,yes
MEX_2025_ENOE_V01_M_V07_A_GLD_ALL,t_wage_nocompen_total_year,p99_w,528000.0,yes
MEX_2025_ENOE_V01_M_V07_A_GLD_ALL,t_wage_total_year,missing_share,0.7307271029823645,no
MEX_2025_ENOE_V01_M_V07_A_GLD_ALL,t_wage_total_year,non_missing_n,109890.0,no
MEX_2025_ENOE_V01_M_V07_A_GLD_ALL,t_wage_total_year,zero_share,0.012443059159664689,no
MEX_2025_ENOE_V01_M_V07_A_GLD_ALL,t_wage_total_year,mean,129920.515625,no
MEX_2025_ENOE_V01_M_V07_A_GLD_ALL,t_wage_total_year,sd,110427.6015625,no
MEX_2025_ENOE_V01_M_V07_A_GLD_ALL,t_wage_total_year,max,3000000.0,no
MEX_2025_ENOE_V01_M_V07_A_GLD_ALL,t_wage_total_year,min,0.0,no
MEX_2025_ENOE_V01_M_V07_A_GLD_ALL,t_wage_total_year,num,109890.0,no
MEX_2025_ENOE_V01_M_V07_A_GLD_ALL,t_wage_total_year,skewness,4.158239841461182,no
MEX_2025_ENOE_V01_M_V07_A_GLD_ALL,t_wage_total_year,kurtosis,43.824771881103516,no
MEX_2025_ENOE_V01_M_V07_A_GLD_ALL,t_wage_total_year,p01,0.0,no
MEX_2025_ENOE_V01_M_V07_A_GLD_ALL,t_wage_total_year,p05,5160.0,no
MEX_2025_ENOE_V01_M_V07_A_GLD_ALL,t_wage_total_year,p10,25800.0,no
MEX_2025_ENOE_V01_M_V07_A_GLD_ALL,t_wage_total_year,p25,72000.0,no
MEX_2025_ENOE_V01_M_V07_A_GLD_ALL,t_wage_total_year,p50,108360.0,no
MEX_2025_ENOE_V01_M_V07_A_GLD_ALL,t_wage_total_year,p75,156000.0,no
MEX_2025_ENOE_V01_M_V07_A_GLD_ALL,t_wage_total_year,p90,240000.0,no
MEX_2025_ENOE_V01_M_V07_A_GLD_ALL,t_wage_total_year,p95,309600.0,no
MEX_2025_ENOE_V01_M_V07_A_GLD_ALL,t_wage_total_year,p99,528000.0,no
MEX_2025_ENOE_V01_M_V07_A_GLD_ALL,t_wage_total_year,missing_share_w,0.7468104522564181,yes
MEX_2025_ENOE_V01_M_V07_A_GLD_ALL,t_wage_total_year,zero_share_w,0.013593844105393943,yes
MEX_2025_ENOE_V01_M_V07_A_GLD_ALL,t_wage_total_year,mean_w,124343.98192884181,yes
MEX_2025_ENOE_V01_M_V07_A_GLD_ALL,t_wage_total_year,sd_w,110518.84575324449,yes
MEX_2025_ENOE_V01_M_V07_A_GLD_ALL,t_wage_total_year,p01_w,0.0,yes
MEX_2025_ENOE_V01_M_V07_A_GLD_ALL,t_wage_total_year,p05_w,0.0,yes
MEX_2025_ENOE_V01_M_V07_A_GLD_ALL,t_wage_total_year,p10_w,20640.0,yes
MEX_2025_ENOE_V01_M_V07_A_GLD_ALL,t_wage_total_year,p25_w,61920.0,yes
MEX_2025_ENOE_V01_M_V07_A_GLD_ALL,t_wage_total_year,p50_w,103200.0,yes
MEX_2025_ENOE_V01_M_V07_A_GLD_ALL,t_wage_total_year,p75_w,154800.0,yes
MEX_2025_ENOE_V01_M_V07_A_GLD_ALL,t_wage_total_year,p90_w,225600.0,yes
MEX_2025_ENOE_V01_M_V07_A_GLD_ALL,t_wage_total_year,p95_w,300000.0,yes
MEX_2025_ENOE_V01_M_V07_A_GLD_ALL,t_wage_total_year,p99_w,528000.0,yes
MEX_2025_ENOE_V01_M_V07_A_GLD_ALL,njobs,missing_share,0.15652574497854688,no
MEX_2025_ENOE_V01_M_V07_A_GLD_ALL,njobs,non_missing_n,344221.0,no
MEX_2025_ENOE_V01_M_V07_A_GLD_ALL,njobs,zero_share,0.37480121245090037,no
MEX_2025_ENOE_V01_M_V07_A_GLD_ALL,njobs,mean,0.5859985300141479,no
MEX_2025_ENOE_V01_M_V07_A_GLD_ALL,njobs,sd,0.5507361623138172,no
MEX_2025_ENOE_V01_M_V07_A_GLD_ALL,njobs,max,2.0,no
MEX_2025_ENOE_V01_M_V07_A_GLD_ALL,njobs,min,0.0,no
MEX_2025_ENOE_V01_M_V07_A_GLD_ALL,njobs,num,344221.0,no
MEX_2025_ENOE_V01_M_V07_A_GLD_ALL,njobs,skewness,0.2015588241008196,no
MEX_2025_ENOE_V01_M_V07_A_GLD_ALL,njobs,kurtosis,-0.9437557628663034,no
MEX_2025_ENOE_V01_M_V07_A_GLD_ALL,njobs,p01,0.0,no
MEX_2025_ENOE_V01_M_V07_A_GLD_ALL,njobs,p05,0.0,no
MEX_2025_ENOE_V01_M_V07_A_GLD_ALL,njobs,p10,0.0,no
MEX_2025_ENOE_V01_M_V07_A_GLD_ALL,njobs,p25,0.0,no
MEX_2025_ENOE_V01_M_V07_A_GLD_ALL,njobs,p50,1.0,no
MEX_2025_ENOE_V01_M_V07_A_GLD_ALL,njobs,p75,1.0,no
MEX_2025_ENOE_V01_M_V07_A_GLD_ALL,njobs,p90,1.0,no
MEX_2025_ENOE_V01_M_V07_A_GLD_ALL,njobs,p95,1.0,no
MEX_2025_ENOE_V01_M_V07_A_GLD_ALL,njobs,p99,2.0,no
MEX_2025_ENOE_V01_M_V07_A_GLD_ALL,njobs,missing_share_w,0.15865301252564443,yes
MEX_2025_ENOE_V01_M_V07_A_GLD_ALL,njobs,zero_share_w,0.38213764562470676,yes
MEX_2025_ENOE_V01_M_V07_A_GLD_ALL,njobs,mean_w,0.5740985913314175,yes
MEX_2025_ENOE_V01_M_V07_A_GLD_ALL,njobs,sd_w,0.5487271235375856,yes
MEX_2025_ENOE_V01_M_V07_A_GLD_ALL,njobs,p01_w,0.0,yes
MEX_2025_ENOE_V01_M_V07_A_GLD_ALL,njobs,p05_w,0.0,yes
MEX_2025_ENOE_V01_M_V07_A_GLD_ALL,njobs,p10_w,0.0,yes
MEX_2025_ENOE_V01_M_V07_A_GLD_ALL,njobs,p25_w,0.0,yes
MEX_2025_ENOE_V01_M_V07_A_GLD_ALL,njobs,p50_w,1.0,yes
MEX_2025_ENOE_V01_M_V07_A_GLD_ALL,njobs,p75_w,1.0,yes
MEX_2025_ENOE_V01_M_V07_A_GLD_ALL,njobs,p90_w,1.0,yes
MEX_2025_ENOE_V01_M_V07_A_GLD_ALL,njobs,p95_w,1.0,yes
MEX_2025_ENOE_V01_M_V07_A_GLD_ALL,njobs,p99_w,2.0,yes
MEX_2025_ENOE_V01_M_V07_A_GLD_ALL,t_hours_annual,missing_share,0.7369192279324379,no
MEX_2025_ENOE_V01_M_V07_A_GLD_ALL,t_hours_annual,non_missing_n,107363.0,no
MEX_2025_ENOE_V01_M_V07_A_GLD_ALL,t_hours_annual,zero_share,0.0,no
MEX_2025_ENOE_V01_M_V07_A_GLD_ALL,t_hours_annual,mean,2210.2958984375,no
MEX_2025_ENOE_V01_M_V07_A_GLD_ALL,t_hours_annual,sd,3150.553955078125,no
MEX_2025_ENOE_V01_M_V07_A_GLD_ALL,t_hours_annual,max,47952.0,no
MEX_2025_ENOE_V01_M_V07_A_GLD_ALL,t_hours_annual,min,8.0,no
MEX_2025_ENOE_V01_M_V07_A_GLD_ALL,t_hours_annual,num,107363.0,no
MEX_2025_ENOE_V01_M_V07_A_GLD_ALL,t_hours_annual,skewness,13.4714937210083,no
MEX_2025_ENOE_V01_M_V07_A_GLD_ALL,t_hours_annual,kurtosis,192.66043090820312,no
MEX_2025_ENOE_V01_M_V07_A_GLD_ALL,t_hours_annual,p01,192.0,no
MEX_2025_ENOE_V01_M_V07_A_GLD_ALL,t_hours_annual,p05,480.0,no
MEX_2025_ENOE_V01_M_V07_A_GLD_ALL,t_hours_annual,p10,816.0,no
MEX_2025_ENOE_V01_M_V07_A_GLD_ALL,t_hours_annual,p25,1536.0,no
MEX_2025_ENOE_V01_M_V07_A_GLD_ALL,t_hours_annual,p50,2160.0,no
MEX_2025_ENOE_V01_M_V07_A_GLD_ALL,t_hours_annual,p75,2352.0,no
MEX_2025_ENOE_V01_M_V07_A_GLD_ALL,t_hours_annual,p90,2880.0,no
MEX_2025_ENOE_V01_M_V07_A_GLD_ALL,t_hours_annual,p95,3456.0,no
MEX_2025_ENOE_V01_M_V07_A_GLD_ALL,t_hours_annual,p99,4368.0,no
MEX_2025_ENOE_V01_M_V07_A_GLD_ALL,t_hours_annual,missing_share_w,0.7522377167512522,yes
MEX_2025_ENOE_V01_M_V07_A_GLD_ALL,t_hours_annual,zero_share_w,0.0,yes
MEX_2025_ENOE_V01_M_V07_A_GLD_ALL,t_hours_annual,mean_w,2237.8693343614746,yes
MEX_2025_ENOE_V01_M_V07_A_GLD_ALL,t_hours_annual,sd_w,3362.981485991915,yes
MEX_2025_ENOE_V01_M_V07_A_GLD_ALL,t_hours_annual,p01_w,192.0,yes
MEX_2025_ENOE_V01_M_V07_A_GLD_ALL,t_hours_annual,p05_w,480.0,yes
MEX_2025_ENOE_V01_M_V07_A_GLD_ALL,t_hours_annual,p10_w,816.0,yes
MEX_2025_ENOE_V01_M_V07_A_GLD_ALL,t_hours_annual,p25_w,1536.0,yes
MEX_2025_ENOE_V01_M_V07_A_GLD_ALL,t_hours_annual,p50_w,2160.0,yes
MEX_2025_ENOE_V01_M_V07_A_GLD_ALL,t_hours_annual,p75_w,2400.0,yes
MEX_2025_ENOE_V01_M_V07_A_GLD_ALL,t_hours_annual,p90_w,2880.0,yes
MEX_2025_ENOE_V01_M_V07_A_GLD_ALL,t_hours_annual,p95_w,3360.0,yes
MEX_2025_ENOE_V01_M_V07_A_GLD_ALL,t_hours_annual,p99_w,4368.0,yes
MEX_2025_ENOE_V01_M_V07_A_GLD_ALL,linc_nc,missing_share,0.7307271029823645,no
MEX_2025_ENOE_V01_M_V07_A_GLD_ALL,linc_nc,non_missing_n,109890.0,no
MEX_2025_ENOE_V01_M_V07_A_GLD_ALL,linc_nc,zero_share,0.012443059159664689,no
MEX_2025_ENOE_V01_M_V07_A_GLD_ALL,linc_nc,mean,129920.515625,no
MEX_2025_ENOE_V01_M_V07_A_GLD_ALL,linc_nc,sd,110427.6015625,no
MEX_2025_ENOE_V01_M_V07_A_GLD_ALL,linc_nc,max,3000000.0,no
MEX_2025_ENOE_V01_M_V07_A_GLD_ALL,linc_nc,min,0.0,no
MEX_2025_ENOE_V01_M_V07_A_GLD_ALL,linc_nc,num,109890.0,no
MEX_2025_ENOE_V01_M_V07_A_GLD_ALL,linc_nc,skewness,4.158239841461182,no
MEX_2025_ENOE_V01_M_V07_A_GLD_ALL,linc_nc,kurtosis,43.824771881103516,no
MEX_2025_ENOE_V01_M_V07_A_GLD_ALL,linc_nc,p01,0.0,no
MEX_2025_ENOE_V01_M_V07_A_GLD_ALL,linc_nc,p05,5160.0,no
MEX_2025_ENOE_V01_M_V07_A_GLD_ALL,linc_nc,p10,25800.0,no
MEX_2025_ENOE_V01_M_V07_A_GLD_ALL,linc_nc,p25,72000.0,no
MEX_2025_ENOE_V01_M_V07_A_GLD_ALL,linc_nc,p50,108360.0,no
MEX_2025_ENOE_V01_M_V07_A_GLD_ALL,linc_nc,p75,156000.0,no
MEX_2025_ENOE_V01_M_V07_A_GLD_ALL,linc_nc,p90,240000.0,no
MEX_2025_ENOE_V01_M_V07_A_GLD_ALL,linc_nc,p95,309600.0,no
MEX_2025_ENOE_V01_M_V07_A_GLD_ALL,linc_nc,p99,528000.0,no
MEX_2025_ENOE_V01_M_V07_A_GLD_ALL,linc_nc,missing_share_w,0.7468104522564181,yes
MEX_2025_ENOE_V01_M_V07_A_GLD_ALL,linc_nc,zero_share_w,0.013593844105393943,yes
MEX_2025_ENOE_V01_M_V07_A_GLD_ALL,linc_nc,mean_w,124343.98192884181,yes
MEX_2025_ENOE_V01_M_V07_A_GLD_ALL,linc_nc,sd_w,110518.84575324449,yes
MEX_2025_ENOE_V01_M_V07_A_GLD_ALL,linc_nc,p01_w,0.0,yes
MEX_2025_ENOE_V01_M_V07_A_GLD_ALL,linc_nc,p05_w,0.0,yes
MEX_2025_ENOE_V01_M_V07_A_GLD_ALL,linc_nc,p10_w,20640.0,yes
MEX_2025_ENOE_V01_M_V07_A_GLD_ALL,linc_nc,p25_w,61920.0,yes
MEX_2025_ENOE_V01_M_V07_A_GLD_ALL,linc_nc,p50_w,103200.0,yes
MEX_2025_ENOE_V01_M_V07_A_GLD_ALL,linc_nc,p75_w,154800.0,yes
MEX_2025_ENOE_V01_M_V07_A_GLD_ALL,linc_nc,p90_w,225600.0,yes
MEX_2025_ENOE_V01_M_V07_A_GLD_ALL,linc_nc,p95_w,300000.0,yes
MEX_2025_ENOE_V01_M_V07_A_GLD_ALL,linc_nc,p99_w,528000.0,yes
MEX_2025_ENOE_V01_M_V07_A_GLD_ALL,laborincome,missing_share,0.7307271029823645,no
MEX_2025_ENOE_V01_M_V07_A_GLD_ALL,laborincome,non_missing_n,109890.0,no
MEX_2025_ENOE_V01_M_V07_A_GLD_ALL,laborincome,zero_share,0.012443059159664689,no
MEX_2025_ENOE_V01_M_V07_A_GLD_ALL,laborincome,mean,129920.515625,no
MEX_2025_ENOE_V01_M_V07_A_GLD_ALL,laborincome,sd,110427.6015625,no
MEX_2025_ENOE_V01_M_V07_A_GLD_ALL,laborincome,max,3000000.0,no
MEX_2025_ENOE_V01_M_V07_A_GLD_ALL,laborincome,min,0.0,no
MEX_2025_ENOE_V01_M_V07_A_GLD_ALL,laborincome,num,109890.0,no
MEX_2025_ENOE_V01_M_V07_A_GLD_ALL,laborincome,skewness,4.158239841461182,no
MEX_2025_ENOE_V01_M_V07_A_GLD_ALL,laborincome,kurtosis,43.824771881103516,no
MEX_2025_ENOE_V01_M_V07_A_GLD_ALL,laborincome,p01,0.0,no
MEX_2025_ENOE_V01_M_V07_A_GLD_ALL,laborincome,p05,5160.0,no
MEX_2025_ENOE_V01_M_V07_A_GLD_ALL,laborincome,p10,25800.0,no
MEX_2025_ENOE_V01_M_V07_A_GLD_ALL,laborincome,p25,72000.0,no
MEX_2025_ENOE_V01_M_V07_A_GLD_ALL,laborincome,p50,108360.0,no
MEX_2025_ENOE_V01_M_V07_A_GLD_ALL,laborincome,p75,156000.0,no
MEX_2025_ENOE_V01_M_V07_A_GLD_ALL,laborincome,p90,240000.0,no
MEX_2025_ENOE_V01_M_V07_A_GLD_ALL,laborincome,p95,309600.0,no
MEX_2025_ENOE_V01_M_V07_A_GLD_ALL,laborincome,p99,528000.0,no
MEX_2025_ENOE_V01_M_V07_A_GLD_ALL,laborincome,missing_share_w,0.7468104522564181,yes
MEX_2025_ENOE_V01_M_V07_A_GLD_ALL,laborincome,zero_share_w,0.013593844105393943,yes
MEX_2025_ENOE_V01_M_V07_A_GLD_ALL,laborincome,mean_w,124343.98192884181,yes
MEX_2025_ENOE_V01_M_V07_A_GLD_ALL,laborincome,sd_w,110518.84575324449,yes
MEX_2025_ENOE_V01_M_V07_A_GLD_ALL,laborincome,p01_w,0.0,yes
MEX_2025_ENOE_V01_M_V07_A_GLD_ALL,laborincome,p05_w,0.0,yes
MEX_2025_ENOE_V01_M_V07_A_GLD_ALL,laborincome,p10_w,20640.0,yes
MEX_2025_ENOE_V01_M_V07_A_GLD_ALL,laborincome,p25_w,61920.0,yes
MEX_2025_ENOE_V01_M_V07_A_GLD_ALL,laborincome,p50_w,103200.0,yes
MEX_2025_ENOE_V01_M_V07_A_GLD_ALL,laborincome,p75_w,154800.0,yes
MEX_2025_ENOE_V01_M_V07_A_GLD_ALL,laborincome,p90_w,225600.0,yes
MEX_2025_ENOE_V01_M_V07_A_GLD_ALL,laborincome,p95_w,300000.0,yes
MEX_2025_ENOE_V01_M_V07_A_GLD_ALL,laborincome,p99_w,528000.0,yes
MEX_2025_ENOE_V01_M_V07_A_GLD_ALL,n_ent,missing_share,0.0,no
MEX_2025_ENOE_V01_M_V07_A_GLD_ALL,n_ent,non_missing_n,408099.0,no
MEX_2025_ENOE_V01_M_V07_A_GLD_ALL,n_ent,zero_share,0.0,no
MEX_2025_ENOE_V01_M_V07_A_GLD_ALL,n_ent,mean,2.96152649234622,no
MEX_2025_ENOE_V01_M_V07_A_GLD_ALL,n_ent,sd,1.4212040816337967,no
MEX_2025_ENOE_V01_M_V07_A_GLD_ALL,n_ent,max,5.0,no
MEX_2025_ENOE_V01_M_V07_A_GLD_ALL,n_ent,min,1.0,no
MEX_2025_ENOE_V01_M_V07_A_GLD_ALL,n_ent,num,408099.0,no
MEX_2025_ENOE_V01_M_V07_A_GLD_ALL,n_ent,skewness,0.03233680259586227,no
MEX_2025_ENOE_V01_M_V07_A_GLD_ALL,n_ent,kurtosis,-1.308383530751918,no
MEX_2025_ENOE_V01_M_V07_A_GLD_ALL,n_ent,p01,1.0,no
MEX_2025_ENOE_V01_M_V07_A_GLD_ALL,n_ent,p05,1.0,no
MEX_2025_ENOE_V01_M_V07_A_GLD_ALL,n_ent,p10,1.0,no
MEX_2025_ENOE_V01_M_V07_A_GLD_ALL,n_ent,p25,2.0,no
MEX_2025_ENOE_V01_M_V07_A_GLD_ALL,n_ent,p50,3.0,no
MEX_2025_ENOE_V01_M_V07_A_GLD_ALL,n_ent,p75,4.0,no
MEX_2025_ENOE_V01_M_V07_A_GLD_ALL,n_ent,p90,5.0,no
MEX_2025_ENOE_V01_M_V07_A_GLD_ALL,n_ent,p95,5.0,no
MEX_2025_ENOE_V01_M_V07_A_GLD_ALL,n_ent,p99,5.0,no
MEX_2025_ENOE_V01_M_V07_A_GLD_ALL,n_ent,missing_share_w,0.0,yes
MEX_2025_ENOE_V01_M_V07_A_GLD_ALL,n_ent,zero_share_w,0.0,yes
MEX_2025_ENOE_V01_M_V07_A_GLD_ALL,n_ent,mean_w,2.9614869034966813,yes
MEX_2025_ENOE_V01_M_V07_A_GLD_ALL,n_ent,sd_w,1.4266057670524308,yes
MEX_2025_ENOE_V01_M_V07_A_GLD_ALL,n_ent,p01_w,1.0,yes
MEX_2025_ENOE_V01_M_V07_A_GLD_ALL,n_ent,p05_w,1.0,yes
MEX_2025_ENOE_V01_M_V07_A_GLD_ALL,n_ent,p10_w,1.0,yes
MEX_2025_ENOE_V01_M_V07_A_GLD_ALL,n_ent,p25_w,2.0,yes
MEX_2025_ENOE_V01_M_V07_A_GLD_ALL,n_ent,p50_w,3.0,yes
MEX_2025_ENOE_V01_M_V07_A_GLD_ALL,n_ent,p75_w,4.0,yes
MEX_2025_ENOE_V01_M_V07_A_GLD_ALL,n_ent,p90_w,5.0,yes
MEX_2025_ENOE_V01_M_V07_A_GLD_ALL,n_ent,p95_w,5.0,yes
MEX_2025_ENOE_V01_M_V07_A_GLD_ALL,n_ent,p99_w,5.0,yes
MEX_2025_ENOE_V01_M_V07_A_GLD_ALL,ent,missing_share,0.0,no
MEX_2025_ENOE_V01_M_V07_A_GLD_ALL,ent,non_missing_n,408099.0,no
MEX_2025_ENOE_V01_M_V07_A_GLD_ALL,ent,zero_share,0.0,no
MEX_2025_ENOE_V01_M_V07_A_GLD_ALL,ent,mean,16.189326609474662,no
MEX_2025_ENOE_V01_M_V07_A_GLD_ALL,ent,sd,9.248617444403266,no
MEX_2025_ENOE_V01_M_V07_A_GLD_ALL,ent,max,32.0,no
MEX_2025_ENOE_V01_M_V07_A_GLD_ALL,ent,min,1.0,no
MEX_2025_ENOE_V01_M_V07_A_GLD_ALL,ent,num,408099.0,no
MEX_2025_ENOE_V01_M_V07_A_GLD_ALL,ent,skewness,0.07734279855351295,no
MEX_2025_ENOE_V01_M_V07_A_GLD_ALL,ent,kurtosis,-1.216190556030341,no
MEX_2025_ENOE_V01_M_V07_A_GLD_ALL,ent,p01,1.0,no
MEX_2025_ENOE_V01_M_V07_A_GLD_ALL,ent,p05,2.0,no
MEX_2025_ENOE_V01_M_V07_A_GLD_ALL,ent,p10,4.0,no
MEX_2025_ENOE_V01_M_V07_A_GLD_ALL,ent,p25,8.0,no
MEX_2025_ENOE_V01_M_V07_A_GLD_ALL,ent,p50,16.0,no
MEX_2025_ENOE_V01_M_V07_A_GLD_ALL,ent,p75,24.0,no
MEX_2025_ENOE_V01_M_V07_A_GLD_ALL,ent,p90,29.0,no
MEX_2025_ENOE_V01_M_V07_A_GLD_ALL,ent,p95,31.0,no
MEX_2025_ENOE_V01_M_V07_A_GLD_ALL,ent,p99,32.0,no
MEX_2025_ENOE_V01_M_V07_A_GLD_ALL,ent,missing_share_w,0.0,yes
MEX_2025_ENOE_V01_M_V07_A_GLD_ALL,ent,zero_share_w,0.0,yes
MEX_2025_ENOE_V01_M_V07_A_GLD_ALL,ent,mean_w,16.3963141156548,yes
MEX_2025_ENOE_V01_M_V07_A_GLD_ALL,ent,sd_w,7.950308010730386,yes
MEX_2025_ENOE_V01_M_V07_A_GLD_ALL,ent,p01_w,1.0,yes
MEX_2025_ENOE_V01_M_V07_A_GLD_ALL,ent,p05_w,4.0,yes
MEX_2025_ENOE_V01_M_V07_A_GLD_ALL,ent,p10_w,7.0,yes
MEX_2025_ENOE_V01_M_V07_A_GLD_ALL,ent,p25_w,11.0,yes
MEX_2025_ENOE_V01_M_V07_A_GLD_ALL,ent,p50_w,15.0,yes
MEX_2025_ENOE_V01_M_V07_A_GLD_ALL,ent,p75_w,22.0,yes
MEX_2025_ENOE_V01_M_V07_A_GLD_ALL,ent,p90_w,29.0,yes
MEX_2025_ENOE_V01_M_V07_A_GLD_ALL,ent,p95_w,30.0,yes
MEX_2025_ENOE_V01_M_V07_A_GLD_ALL,ent,p99_w,32.0,yes
MEX_2025_ENOE_V01_M_V07_A_GLD_ALL,mun,missing_share,0.008490586842898414,no
MEX_2025_ENOE_V01_M_V07_A_GLD_ALL,mun,non_missing_n,404634.0,no
MEX_2025_ENOE_V01_M_V07_A_GLD_ALL,mun,zero_share,0.0,no
MEX_2025_ENOE_V01_M_V07_A_GLD_ALL,mun,mean,41.030336056782176,no
MEX_2025_ENOE_V01_M_V07_A_GLD_ALL,mun,sd,59.5514189891467,no
MEX_2025_ENOE_V01_M_V07_A_GLD_ALL,mun,max,570.0,no
MEX_2025_ENOE_V01_M_V07_A_GLD_ALL,mun,min,1.0,no
MEX_2025_ENOE_V01_M_V07_A_GLD_ALL,mun,num,404634.0,no
MEX_2025_ENOE_V01_M_V07_A_GLD_ALL,mun,skewness,3.989154402993053,no
MEX_2025_ENOE_V01_M_V07_A_GLD_ALL,mun,kurtosis,22.5367177849181,no
MEX_2025_ENOE_V01_M_V07_A_GLD_ALL,mun,p01,1.0,no
MEX_2025_ENOE_V01_M_V07_A_GLD_ALL,mun,p05,2.0,no
MEX_2025_ENOE_V01_M_V07_A_GLD_ALL,mun,p10,3.0,no
MEX_2025_ENOE_V01_M_V07_A_GLD_ALL,mun,p25,7.0,no
MEX_2025_ENOE_V01_M_V07_A_GLD_ALL,mun,p50,21.0,no
MEX_2025_ENOE_V01_M_V07_A_GLD_ALL,mun,p75,50.0,no
MEX_2025_ENOE_V01_M_V07_A_GLD_ALL,mun,p90,101.0,no
MEX_2025_ENOE_V01_M_V07_A_GLD_ALL,mun,p95,120.0,no
MEX_2025_ENOE_V01_M_V07_A_GLD_ALL,mun,p99,375.0,no
MEX_2025_ENOE_V01_M_V07_A_GLD_ALL,mun,missing_share_w,0.010588379818485288,yes
MEX_2025_ENOE_V01_M_V07_A_GLD_ALL,mun,zero_share_w,0.0,yes
MEX_2025_ENOE_V01_M_V07_A_GLD_ALL,mun,mean_w,49.782547829266214,yes
MEX_2025_ENOE_V01_M_V07_A_GLD_ALL,mun,sd_w,60.12397570959218,yes
MEX_2025_ENOE_V01_M_V07_A_GLD_ALL,mun,p01_w,1.0,yes
MEX_2025_ENOE_V01_M_V07_A_GLD_ALL,mun,p05_w,2.0,yes
MEX_2025_ENOE_V01_M_V07_A_GLD_ALL,mun,p10_w,5.0,yes
MEX_2025_ENOE_V01_M_V07_A_GLD_ALL,mun,p25_w,12.0,yes
MEX_2025_ENOE_V01_M_V07_A_GLD_ALL,mun,p50_w,31.0,yes
MEX_2025_ENOE_V01_M_V07_A_GLD_ALL,mun,p75_w,70.0,yes
MEX_2025_ENOE_V01_M_V07_A_GLD_ALL,mun,p90_w,114.0,yes
MEX_2025_ENOE_V01_M_V07_A_GLD_ALL,mun,p95_w,142.0,yes
MEX_2025_ENOE_V01_M_V07_A_GLD_ALL,mun,p99_w,318.0,yes
MEX_2025_ENOE_V01_M_V07_A_GLD_ALL,r_def,missing_share,0.0,no
MEX_2025_ENOE_V01_M_V07_A_GLD_ALL,r_def,non_missing_n,408099.0,no
MEX_2025_ENOE_V01_M_V07_A_GLD_ALL,r_def,zero_share,1.0,no
MEX_2025_ENOE_V01_M_V07_A_GLD_ALL,r_def,mean,0.0,no
MEX_2025_ENOE_V01_M_V07_A_GLD_ALL,r_def,sd,0.0,no
MEX_2025_ENOE_V01_M_V07_A_GLD_ALL,r_def,max,0.0,no
MEX_2025_ENOE_V01_M_V07_A_GLD_ALL,r_def,min,0.0,no
MEX_2025_ENOE_V01_M_V07_A_GLD_ALL,r_def,num,408099.0,no
MEX_2025_ENOE_V01_M_V07_A_GLD_ALL,r_def,skewness,0.0,no
MEX_2025_ENOE_V01_M_V07_A_GLD_ALL,r_def,kurtosis,0.0,no
MEX_2025_ENOE_V01_M_V07_A_GLD_ALL,r_def,p01,0.0,no
MEX_2025_ENOE_V01_M_V07_A_GLD_ALL,r_def,p05,0.0,no
MEX_2025_ENOE_V01_M_V07_A_GLD_ALL,r_def,p10,0.0,no
MEX_2025_ENOE_V01_M_V07_A_GLD_ALL,r_def,p25,0.0,no
MEX_2025_ENOE_V01_M_V07_A_GLD_ALL,r_def,p50,0.0,no
MEX_2025_ENOE_V01_M_V07_A_GLD_ALL,r_def,p75,0.0,no
MEX_2025_ENOE_V01_M_V07_A_GLD_ALL,r_def,p90,0.0,no
MEX_2025_ENOE_V01_M_V07_A_GLD_ALL,r_def,p95,0.0,no
MEX_2025_ENOE_V01_M_V07_A_GLD_ALL,r_def,p99,0.0,no
MEX_2025_ENOE_V01_M_V07_A_GLD_ALL,r_def,missing_share_w,0.0,yes
MEX_2025_ENOE_V01_M_V07_A_GLD_ALL,r_def,zero_share_w,1.0,yes
MEX_2025_ENOE_V01_M_V07_A_GLD_ALL,r_def,mean_w,0.0,yes
MEX_2025_ENOE_V01_M_V07_A_GLD_ALL,r_def,sd_w,0.0,yes
MEX_2025_ENOE_V01_M_V07_A_GLD_ALL,r_def,p01_w,0.0,yes
MEX_2025_ENOE_V01_M_V07_A_GLD_ALL,r_def,p05_w,0.0,yes
MEX_2025_ENOE_V01_M_V07_A_GLD_ALL,r_def,p10_w,0.0,yes
MEX_2025_ENOE_V01_M_V07_A_GLD_ALL,r_def,p25_w,0.0,yes
MEX_2025_ENOE_V01_M_V07_A_GLD_ALL,r_def,p50_w,0.0,yes
MEX_2025_ENOE_V01_M_V07_A_GLD_ALL,r_def,p75_w,0.0,yes
MEX_2025_ENOE_V01_M_V07_A_GLD_ALL,r_def,p90_w,0.0,yes
MEX_2025_ENOE_V01_M_V07_A_GLD_ALL,r_def,p95_w,0.0,yes
MEX_2025_ENOE_V01_M_V07_A_GLD_ALL,r_def,p99_w,0.0,yes
MEX_2025_ENOE_V01_M_V07_A_GLD_ALL,c_res,missing_share,0.0,no
MEX_2025_ENOE_V01_M_V07_A_GLD_ALL,c_res,non_missing_n,408099.0,no
MEX_2025_ENOE_V01_M_V07_A_GLD_ALL,c_res,zero_share,0.0,no
MEX_2025_ENOE_V01_M_V07_A_GLD_ALL,c_res,mean,1.0382064156001363,no
MEX_2025_ENOE_V01_M_V07_A_GLD_ALL,c_res,sd,0.27377597533700354,no
MEX_2025_ENOE_V01_M_V07_A_GLD_ALL,c_res,max,3.0,no
MEX_2025_ENOE_V01_M_V07_A_GLD_ALL,c_res,min,1.0,no
MEX_2025_ENOE_V01_M_V07_A_GLD_ALL,c_res,num,408099.0,no
MEX_2025_ENOE_V01_M_V07_A_GLD_ALL,c_res,skewness,7.026170187283598,no
MEX_2025_ENOE_V01_M_V07_A_GLD_ALL,c_res,kurtosis,47.36729963696698,no
MEX_2025_ENOE_V01_M_V07_A_GLD_ALL,c_res,p01,1.0,no
MEX_2025_ENOE_V01_M_V07_A_GLD_ALL,c_res,p05,1.0,no
MEX_2025_ENOE_V01_M_V07_A_GLD_ALL,c_res,p10,1.0,no
MEX_2025_ENOE_V01_M_V07_A_GLD_ALL,c_res,p25,1.0,no
MEX_2025_ENOE_V01_M_V07_A_GLD_ALL,c_res,p50,1.0,no
MEX_2025_ENOE_V01_M_V07_A_GLD_ALL,c_res,p75,1.0,no
MEX_2025_ENOE_V01_M_V07_A_GLD_ALL,c_res,p90,1.0,no
MEX_2025_ENOE_V01_M_V07_A_GLD_ALL,c_res,p95,1.0,no
MEX_2025_ENOE_V01_M_V07_A_GLD_ALL,c_res,p99,3.0,no
MEX_2025_ENOE_V01_M_V07_A_GLD_ALL,c_res,missing_share_w,0.0,yes
MEX_2025_ENOE_V01_M_V07_A_GLD_ALL,c_res,zero_share_w,0.0,yes
MEX_2025_ENOE_V01_M_V07_A_GLD_ALL,c_res,mean_w,1.0361191890582997,yes
MEX_2025_ENOE_V01_M_V07_A_GLD_ALL,c_res,sd_w,0.26633396760152483,yes
MEX_2025_ENOE_V01_M_V07_A_GLD_ALL,c_res,p01_w,1.0,yes
MEX_2025_ENOE_V01_M_V07_A_GLD_ALL,c_res,p05_w,1.0,yes
MEX_2025_ENOE_V01_M_V07_A_GLD_ALL,c_res,p10_w,1.0,yes
MEX_2025_ENOE_V01_M_V07_A_GLD_ALL,c_res,p25_w,1.0,yes
MEX_2025_ENOE_V01_M_V07_A_GLD_ALL,c_res,p50_w,1.0,yes
MEX_2025_ENOE_V01_M_V07_A_GLD_ALL,c_res,p75_w,1.0,yes
MEX_2025_ENOE_V01_M_V07_A_GLD_ALL,c_res,p90_w,1.0,yes
MEX_2025_ENOE_V01_M_V07_A_GLD_ALL,c_res,p95_w,1.0,yes
MEX_2025_ENOE_V01_M_V07_A_GLD_ALL,c_res,p99_w,3.0,yes
MEX_2025_ENOE_V01_M_V07_A_GLD_ALL,zona,missing_share,0.0,no
MEX_2025_ENOE_V01_M_V07_A_GLD_ALL,zona,non_missing_n,408099.0,no
MEX_2025_ENOE_V01_M_V07_A_GLD_ALL,zona,zero_share,0.0,no
MEX_2025_ENOE_V01_M_V07_A_GLD_ALL,zona,mean,1.9213377146231674,no
MEX_2025_ENOE_V01_M_V07_A_GLD_ALL,zona,sd,0.26921126987390814,no
MEX_2025_ENOE_V01_M_V07_A_GLD_ALL,zona,max,2.0,no
MEX_2025_ENOE_V01_M_V07_A_GLD_ALL,zona,min,1.0,no
MEX_2025_ENOE_V01_M_V07_A_GLD_ALL,zona,num,408099.0,no
MEX_2025_ENOE_V01_M_V07_A_GLD_ALL,zona,skewness,-3.1301793547539747,no
MEX_2025_ENOE_V01_M_V07_A_GLD_ALL,zona,kurtosis,7.7980610094201275,no
MEX_2025_ENOE_V01_M_V07_A_GLD_ALL,zona,p01,1.0,no
MEX_2025_ENOE_V01_M_V07_A_GLD_ALL,zona,p05,1.0,no
MEX_2025_ENOE_V01_M_V07_A_GLD_ALL,zona,p10,2.0,no
MEX_2025_ENOE_V01_M_V07_A_GLD_ALL,zona,p25,2.0,no
MEX_2025_ENOE_V01_M_V07_A_GLD_ALL,zona,p50,2.0,no
MEX_2025_ENOE_V01_M_V07_A_GLD_ALL,zona,p75,2.0,no
MEX_2025_ENOE_V01_M_V07_A_GLD_ALL,zona,p90,2.0,no
MEX_2025_ENOE_V01_M_V07_A_GLD_ALL,zona,p95,2.0,no
MEX_2025_ENOE_V01_M_V07_A_GLD_ALL,zona,p99,2.0,no
MEX_2025_ENOE_V01_M_V07_A_GLD_ALL,zona,missing_share_w,0.0,yes
MEX_2025_ENOE_V01_M_V07_A_GLD_ALL,zona,zero_share_w,0.0,yes
MEX_2025_ENOE_V01_M_V07_A_GLD_ALL,zona,mean_w,1.9348056284725355,yes
MEX_2025_ENOE_V01_M_V07_A_GLD_ALL,zona,sd_w,0.24686851854500094,yes
MEX_2025_ENOE_V01_M_V07_A_GLD_ALL,zona,p01_w,1.0,yes
MEX_2025_ENOE_V01_M_V07_A_GLD_ALL,zona,p05_w,1.0,yes
MEX_2025_ENOE_V01_M_V07_A_GLD_ALL,zona,p10_w,2.0,yes
MEX_2025_ENOE_V01_M_V07_A_GLD_ALL,zona,p25_w,2.0,yes
MEX_2025_ENOE_V01_M_V07_A_GLD_ALL,zona,p50_w,2.0,yes
MEX_2025_ENOE_V01_M_V07_A_GLD_ALL,zona,p75_w,2.0,yes
MEX_2025_ENOE_V01_M_V07_A_GLD_ALL,zona,p90_w,2.0,yes
MEX_2025_ENOE_V01_M_V07_A_GLD_ALL,zona,p95_w,2.0,yes
MEX_2025_ENOE_V01_M_V07_A_GLD_ALL,zona,p99_w,2.0,yes
MEX_2025_ENOE_V01_M_V07_A_GLD_ALL,clase2,missing_share,0.0,no
MEX_2025_ENOE_V01_M_V07_A_GLD_ALL,clase2,non_missing_n,408099.0,no
MEX_2025_ENOE_V01_M_V07_A_GLD_ALL,clase2,zero_share,0.15666051619827542,no
MEX_2025_ENOE_V01_M_V07_A_GLD_ALL,clase2,mean,1.9027515382296942,no
MEX_2025_ENOE_V01_M_V07_A_GLD_ALL,clase2,sd,1.5540387189642964,no
MEX_2025_ENOE_V01_M_V07_A_GLD_ALL,clase2,max,4.0,no
MEX_2025_ENOE_V01_M_V07_A_GLD_ALL,clase2,min,0.0,no
MEX_2025_ENOE_V01_M_V07_A_GLD_ALL,clase2,num,408099.0,no
MEX_2025_ENOE_V01_M_V07_A_GLD_ALL,clase2,skewness,0.426738395708812,no
MEX_2025_ENOE_V01_M_V07_A_GLD_ALL,clase2,kurtosis,-1.515728343994058,no
MEX_2025_ENOE_V01_M_V07_A_GLD_ALL,clase2,p01,0.0,no
MEX_2025_ENOE_V01_M_V07_A_GLD_ALL,clase2,p05,0.0,no
MEX_2025_ENOE_V01_M_V07_A_GLD_ALL,clase2,p10,0.0,no
MEX_2025_ENOE_V01_M_V07_A_GLD_ALL,clase2,p25,1.0,no
MEX_2025_ENOE_V01_M_V07_A_GLD_ALL,clase2,p50,1.0,no
MEX_2025_ENOE_V01_M_V07_A_GLD_ALL,clase2,p75,4.0,no
MEX_2025_ENOE_V01_M_V07_A_GLD_ALL,clase2,p90,4.0,no
MEX_2025_ENOE_V01_M_V07_A_GLD_ALL,clase2,p95,4.0,no
MEX_2025_ENOE_V01_M_V07_A_GLD_ALL,clase2,p99,4.0,no
MEX_2025_ENOE_V01_M_V07_A_GLD_ALL,clase2,missing_share_w,0.0,yes
MEX_2025_ENOE_V01_M_V07_A_GLD_ALL,clase2,zero_share_w,0.15877934674187452,yes
MEX_2025_ENOE_V01_M_V07_A_GLD_ALL,clase2,mean_w,1.9202223622661818,yes
MEX_2025_ENOE_V01_M_V07_A_GLD_ALL,clase2,sd_w,1.5616898830260049,yes
MEX_2025_ENOE_V01_M_V07_A_GLD_ALL,clase2,p01_w,0.0,yes
MEX_2025_ENOE_V01_M_V07_A_GLD_ALL,clase2,p05_w,0.0,yes
MEX_2025_ENOE_V01_M_V07_A_GLD_ALL,clase2,p10_w,0.0,yes
MEX_2025_ENOE_V01_M_V07_A_GLD_ALL,clase2,p25_w,1.0,yes
MEX_2025_ENOE_V01_M_V07_A_GLD_ALL,clase2,p50_w,1.0,yes
MEX_2025_ENOE_V01_M_V07_A_GLD_ALL,clase2,p75_w,4.0,yes
MEX_2025_ENOE_V01_M_V07_A_GLD_ALL,clase2,p90_w,4.0,yes
MEX_2025_ENOE_V01_M_V07_A_GLD_ALL,clase2,p95_w,4.0,yes
MEX_2025_ENOE_V01_M_V07_A_GLD_ALL,clase2,p99_w,4.0,yes
MEX_2025_ENOE_V01_M_V07_A_GLD_ALL,dur_est,missing_share,0.0,no
MEX_2025_ENOE_V01_M_V07_A_GLD_ALL,dur_est,non_missing_n,408099.0,no
MEX_2025_ENOE_V01_M_V07_A_GLD_ALL,dur_est,zero_share,0.5313269574294472,no
MEX_2025_ENOE_V01_M_V07_A_GLD_ALL,dur_est,mean,1.835512951514216,no
MEX_2025_ENOE_V01_M_V07_A_GLD_ALL,dur_est,sd,2.0570043024727283,no
MEX_2025_ENOE_V01_M_V07_A_GLD_ALL,dur_est,max,6.0,no
MEX_2025_ENOE_V01_M_V07_A_GLD_ALL,dur_est,min,0.0,no
MEX_2025_ENOE_V01_M_V07_A_GLD_ALL,dur_est,num,408099.0,no
MEX_2025_ENOE_V01_M_V07_A_GLD_ALL,dur_est,skewness,0.3710965798371952,no
MEX_2025_ENOE_V01_M_V07_A_GLD_ALL,dur_est,kurtosis,-1.631287132614337,no
MEX_2025_ENOE_V01_M_V07_A_GLD_ALL,dur_est,p01,0.0,no
MEX_2025_ENOE_V01_M_V07_A_GLD_ALL,dur_est,p05,0.0,no
MEX_2025_ENOE_V01_M_V07_A_GLD_ALL,dur_est,p10,0.0,no
MEX_2025_ENOE_V01_M_V07_A_GLD_ALL,dur_est,p25,0.0,no
MEX_2025_ENOE_V01_M_V07_A_GLD_ALL,dur_est,p50,0.0,no
MEX_2025_ENOE_V01_M_V07_A_GLD_ALL,dur_est,p75,4.0,no
MEX_2025_ENOE_V01_M_V07_A_GLD_ALL,dur_est,p90,5.0,no
MEX_2025_ENOE_V01_M_V07_A_GLD_ALL,dur_est,p95,5.0,no
MEX_2025_ENOE_V01_M_V07_A_GLD_ALL,dur_est,p99,5.0,no
MEX_2025_ENOE_V01_M_V07_A_GLD_ALL,dur_est,missing_share_w,0.0,yes
MEX_2025_ENOE_V01_M_V07_A_GLD_ALL,dur_est,zero_share_w,0.5407906581503512,yes
MEX_2025_ENOE_V01_M_V07_A_GLD_ALL,dur_est,mean_w,1.8044212059714666,yes
MEX_2025_ENOE_V01_M_V07_A_GLD_ALL,dur_est,sd_w,2.056673545428559,yes
MEX_2025_ENOE_V01_M_V07_A_GLD_ALL,dur_est,p01_w,0.0,yes
MEX_2025_ENOE_V01_M_V07_A_GLD_ALL,dur_est,p05_w,0.0,yes
MEX_2025_ENOE_V01_M_V07_A_GLD_ALL,dur_est,p10_w,0.0,yes
MEX_2025_ENOE_V01_M_V07_A_GLD_ALL,dur_est,p25_w,0.0,yes
MEX_2025_ENOE_V01_M_V07_A_GLD_ALL,dur_est,p50_w,0.0,yes
MEX_2025_ENOE_V01_M_V07_A_GLD_ALL,dur_est,p75_w,4.0,yes
MEX_2025_ENOE_V01_M_V07_A_GLD_ALL,dur_est,p90_w,5.0,yes
MEX_2025_ENOE_V01_M_V07_A_GLD_ALL,dur_est,p95_w,5.0,yes
MEX_2025_ENOE_V01_M_V07_A_GLD_ALL,dur_est,p99_w,5.0,yes
MEX_2025_ENOE_V01_M_V07_A_GLD_ALL,emp_ppal,missing_share,0.0,no
MEX_2025_ENOE_V01_M_V07_A_GLD_ALL,emp_ppal,non_missing_n,408099.0,no
MEX_2025_ENOE_V01_M_V07_A_GLD_ALL,emp_ppal,zero_share,0.5313269574294472,no
MEX_2025_ENOE_V01_M_V07_A_GLD_ALL,emp_ppal,mean,0.6927020159324085,no
MEX_2025_ENOE_V01_M_V07_A_GLD_ALL,emp_ppal,sd,0.8129732463628583,no
MEX_2025_ENOE_V01_M_V07_A_GLD_ALL,emp_ppal,max,2.0,no
MEX_2025_ENOE_V01_M_V07_A_GLD_ALL,emp_ppal,min,0.0,no
MEX_2025_ENOE_V01_M_V07_A_GLD_ALL,emp_ppal,num,408099.0,no
MEX_2025_ENOE_V01_M_V07_A_GLD_ALL,emp_ppal,skewness,0.6160727146318323,no
MEX_2025_ENOE_V01_M_V07_A_GLD_ALL,emp_ppal,kurtosis,-1.2169919202754205,no
MEX_2025_ENOE_V01_M_V07_A_GLD_ALL,emp_ppal,p01,0.0,no
MEX_2025_ENOE_V01_M_V07_A_GLD_ALL,emp_ppal,p05,0.0,no
MEX_2025_ENOE_V01_M_V07_A_GLD_ALL,emp_ppal,p10,0.0,no
MEX_2025_ENOE_V01_M_V07_A_GLD_ALL,emp_ppal,p25,0.0,no
MEX_2025_ENOE_V01_M_V07_A_GLD_ALL,emp_ppal,p50,0.0,no
MEX_2025_ENOE_V01_M_V07_A_GLD_ALL,emp_ppal,p75,1.0,no
MEX_2025_ENOE_V01_M_V07_A_GLD_ALL,emp_ppal,p90,2.0,no
MEX_2025_ENOE_V01_M_V07_A_GLD_ALL,emp_ppal,p95,2.0,no
MEX_2025_ENOE_V01_M_V07_A_GLD_ALL,emp_ppal,p99,2.0,no
MEX_2025_ENOE_V01_M_V07_A_GLD_ALL,emp_ppal,missing_share_w,0.0,yes
MEX_2025_ENOE_V01_M_V07_A_GLD_ALL,emp_ppal,zero_share_w,0.5407906581503512,yes
MEX_2025_ENOE_V01_M_V07_A_GLD_ALL,emp_ppal,mean_w,0.6646005411699814,yes
MEX_2025_ENOE_V01_M_V07_A_GLD_ALL,emp_ppal,sd_w,0.7960458909429874,yes
MEX_2025_ENOE_V01_M_V07_A_GLD_ALL,emp_ppal,p01_w,0.0,yes
MEX_2025_ENOE_V01_M_V07_A_GLD_ALL,emp_ppal,p05_w,0.0,yes
MEX_2025_ENOE_V01_M_V07_A_GLD_ALL,emp_ppal,p10_w,0.0,yes
MEX_2025_ENOE_V01_M_V07_A_GLD_ALL,emp_ppal,p25_w,0.0,yes
MEX_2025_ENOE_V01_M_V07_A_GLD_ALL,emp_ppal,p50_w,0.0,yes
MEX_2025_ENOE_V01_M_V07_A_GLD_ALL,emp_ppal,p75_w,1.0,yes
MEX_2025_ENOE_V01_M_V07_A_GLD_ALL,emp_ppal,p90_w,2.0,yes
MEX_2025_ENOE_V01_M_V07_A_GLD_ALL,emp_ppal,p95_w,2.0,yes
MEX_2025_ENOE_V01_M_V07_A_GLD_ALL,emp_ppal,p99_w,2.0,yes
MEX_2025_ENOE_V01_M_V07_A_GLD_ALL,tue_ppal,missing_share,0.0,no
MEX_2025_ENOE_V01_M_V07_A_GLD_ALL,tue_ppal,non_missing_n,408099.0,no
MEX_2025_ENOE_V01_M_V07_A_GLD_ALL,tue_ppal,zero_share,0.5313269574294472,no
MEX_2025_ENOE_V01_M_V07_A_GLD_ALL,tue_ppal,mean,0.8059441459057729,no
MEX_2025_ENOE_V01_M_V07_A_GLD_ALL,tue_ppal,sd,0.9115604326570733,no
MEX_2025_ENOE_V01_M_V07_A_GLD_ALL,tue_ppal,max,2.0,no
MEX_2025_ENOE_V01_M_V07_A_GLD_ALL,tue_ppal,min,0.0,no
MEX_2025_ENOE_V01_M_V07_A_GLD_ALL,tue_ppal,num,408099.0,no
MEX_2025_ENOE_V01_M_V07_A_GLD_ALL,tue_ppal,skewness,0.3921036375569545,no
MEX_2025_ENOE_V01_M_V07_A_GLD_ALL,tue_ppal,kurtosis,-1.6820920200856782,no
MEX_2025_ENOE_V01_M_V07_A_GLD_ALL,tue_ppal,p01,0.0,no
MEX_2025_ENOE_V01_M_V07_A_GLD_ALL,tue_ppal,p05,0.0,no
MEX_2025_ENOE_V01_M_V07_A_GLD_ALL,tue_ppal,p10,0.0,no
MEX_2025_ENOE_V01_M_V07_A_GLD_ALL,tue_ppal,p25,0.0,no
MEX_2025_ENOE_V01_M_V07_A_GLD_ALL,tue_ppal,p50,0.0,no
MEX_2025_ENOE_V01_M_V07_A_GLD_ALL,tue_ppal,p75,2.0,no
MEX_2025_ENOE_V01_M_V07_A_GLD_ALL,tue_ppal,p90,2.0,no
MEX_2025_ENOE_V01_M_V07_A_GLD_ALL,tue_ppal,p95,2.0,no
MEX_2025_ENOE_V01_M_V07_A_GLD_ALL,tue_ppal,p99,2.0,no
MEX_2025_ENOE_V01_M_V07_A_GLD_ALL,tue_ppal,missing_share_w,0.0,yes
MEX_2025_ENOE_V01_M_V07_A_GLD_ALL,tue_ppal,zero_share_w,0.5407906581503512,yes
MEX_2025_ENOE_V01_M_V07_A_GLD_ALL,tue_ppal,mean_w,0.782428655537607,yes
MEX_2025_ENOE_V01_M_V07_A_GLD_ALL,tue_ppal,sd_w,0.9036994422412441,yes
MEX_2025_ENOE_V01_M_V07_A_GLD_ALL,tue_ppal,p01_w,0.0,yes
MEX_2025_ENOE_V01_M_V07_A_GLD_ALL,tue_ppal,p05_w,0.0,yes
MEX_2025_ENOE_V01_M_V07_A_GLD_ALL,tue_ppal,p10_w,0.0,yes
MEX_2025_ENOE_V01_M_V07_A_GLD_ALL,tue_ppal,p25_w,0.0,yes
MEX_2025_ENOE_V01_M_V07_A_GLD_ALL,tue_ppal,p50_w,0.0,yes
MEX_2025_ENOE_V01_M_V07_A_GLD_ALL,tue_ppal,p75_w,2.0,yes
MEX_2025_ENOE_V01_M_V07_A_GLD_ALL,tue_ppal,p90_w,2.0,yes
MEX_2025_ENOE_V01_M_V07_A_GLD_ALL,tue_ppal,p95_w,2.0,yes
MEX_2025_ENOE_V01_M_V07_A_GLD_ALL,tue_ppal,p99_w,2.0,yes
MEX_2025_ENOE_V01_M_V07_A_GLD_ALL,mh_fil2,missing_share,0.0,no
MEX_2025_ENOE_V01_M_V07_A_GLD_ALL,mh_fil2,non_missing_n,408099.0,no
MEX_2025_ENOE_V01_M_V07_A_GLD_ALL,mh_fil2,zero_share,0.5313269574294472,no
MEX_2025_ENOE_V01_M_V07_A_GLD_ALL,mh_fil2,mean,1.1624238236310307,no
MEX_2025_ENOE_V01_M_V07_A_GLD_ALL,mh_fil2,sd,1.4095003643913113,no
MEX_2025_ENOE_V01_M_V07_A_GLD_ALL,mh_fil2,max,4.0,no
MEX_2025_ENOE_V01_M_V07_A_GLD_ALL,mh_fil2,min,0.0,no
MEX_2025_ENOE_V01_M_V07_A_GLD_ALL,mh_fil2,num,408099.0,no
MEX_2025_ENOE_V01_M_V07_A_GLD_ALL,mh_fil2,skewness,0.6353590895160963,no
MEX_2025_ENOE_V01_M_V07_A_GLD_ALL,mh_fil2,kurtosis,-1.3226203414705648,no
MEX_2025_ENOE_V01_M_V07_A_GLD_ALL,mh_fil2,p01,0.0,no
MEX_2025_ENOE_V01_M_V07_A_GLD_ALL,mh_fil2,p05,0.0,no
MEX_2025_ENOE_V01_M_V07_A_GLD_ALL,mh_fil2,p10,0.0,no
MEX_2025_ENOE_V01_M_V07_A_GLD_ALL,mh_fil2,p25,0.0,no
MEX_2025_ENOE_V01_M_V07_A_GLD_ALL,mh_fil2,p50,0.0,no
MEX_2025_ENOE_V01_M_V07_A_GLD_ALL,mh_fil2,p75,3.0,no
MEX_2025_ENOE_V01_M_V07_A_GLD_ALL,mh_fil2,p90,3.0,no
MEX_2025_ENOE_V01_M_V07_A_GLD_ALL,mh_fil2,p95,3.0,no
MEX_2025_ENOE_V01_M_V07_A_GLD_ALL,mh_fil2,p99,4.0,no
MEX_2025_ENOE_V01_M_V07_A_GLD_ALL,mh_fil2,missing_share_w,0.0,yes
MEX_2025_ENOE_V01_M_V07_A_GLD_ALL,mh_fil2,zero_share_w,0.5407906581503512,yes
MEX_2025_ENOE_V01_M_V07_A_GLD_ALL,mh_fil2,mean_w,1.1362877570701875,yes
MEX_2025_ENOE_V01_M_V07_A_GLD_ALL,mh_fil2,sd_w,1.415539037205107,yes
MEX_2025_ENOE_V01_M_V07_A_GLD_ALL,mh_fil2,p01_w,0.0,yes
MEX_2025_ENOE_V01_M_V07_A_GLD_ALL,mh_fil2,p05_w,0.0,yes
MEX_2025_ENOE_V01_M_V07_A_GLD_ALL,mh_fil2,p10_w,0.0,yes
MEX_2025_ENOE_V01_M_V07_A_GLD_ALL,mh_fil2,p25_w,0.0,yes
MEX_2025_ENOE_V01_M_V07_A_GLD_ALL,mh_fil2,p50_w,0.0,yes
MEX_2025_ENOE_V01_M_V07_A_GLD_ALL,mh_fil2,p75_w,3.0,yes
MEX_2025_ENOE_V01_M_V07_A_GLD_ALL,mh_fil2,p90_w,3.0,yes
MEX_2025_ENOE_V01_M_V07_A_GLD_ALL,mh_fil2,p95_w,3.0,yes
MEX_2025_ENOE_V01_M_V07_A_GLD_ALL,mh_fil2,p99_w,4.0,yes
MEX_2025_ENOE_V01_M_V07_A_GLD_ALL,mh_col,missing_share,0.0,no
MEX_2025_ENOE_V01_M_V07_A_GLD_ALL,mh_col,non_missing_n,408099.0,no
MEX_2025_ENOE_V01_M_V07_A_GLD_ALL,mh_col,zero_share,0.5313269574294472,no
MEX_2025_ENOE_V01_M_V07_A_GLD_ALL,mh_col,mean,1.516580535605331,no
MEX_2025_ENOE_V01_M_V07_A_GLD_ALL,mh_col,sd,2.3701813952572737,no
MEX_2025_ENOE_V01_M_V07_A_GLD_ALL,mh_col,max,9.0,no
MEX_2025_ENOE_V01_M_V07_A_GLD_ALL,mh_col,min,0.0,no
MEX_2025_ENOE_V01_M_V07_A_GLD_ALL,mh_col,num,408099.0,no
MEX_2025_ENOE_V01_M_V07_A_GLD_ALL,mh_col,skewness,1.7514282601903122,no
MEX_2025_ENOE_V01_M_V07_A_GLD_ALL,mh_col,kurtosis,1.8953987888253407,no
MEX_2025_ENOE_V01_M_V07_A_GLD_ALL,mh_col,p01,0.0,no
MEX_2025_ENOE_V01_M_V07_A_GLD_ALL,mh_col,p05,0.0,no
MEX_2025_ENOE_V01_M_V07_A_GLD_ALL,mh_col,p10,0.0,no
MEX_2025_ENOE_V01_M_V07_A_GLD_ALL,mh_col,p25,0.0,no
MEX_2025_ENOE_V01_M_V07_A_GLD_ALL,mh_col,p50,0.0,no
MEX_2025_ENOE_V01_M_V07_A_GLD_ALL,mh_col,p75,2.0,no
MEX_2025_ENOE_V01_M_V07_A_GLD_ALL,mh_col,p90,7.0,no
MEX_2025_ENOE_V01_M_V07_A_GLD_ALL,mh_col,p95,7.0,no
MEX_2025_ENOE_V01_M_V07_A_GLD_ALL,mh_col,p99,9.0,no
MEX_2025_ENOE_V01_M_V07_A_GLD_ALL,mh_col,missing_share_w,0.0,yes
MEX_2025_ENOE_V01_M_V07_A_GLD_ALL,mh_col,zero_share_w,0.5407906581503512,yes
MEX_2025_ENOE_V01_M_V07_A_GLD_ALL,mh_col,mean_w,1.5251775276268695,yes
MEX_2025_ENOE_V01_M_V07_A_GLD_ALL,mh_col,sd_w,2.4168569446999917,yes
MEX_2025_ENOE_V01_M_V07_A_GLD_ALL,mh_col,p01_w,0.0,yes
MEX_2025_ENOE_V01_M_V07_A_GLD_ALL,mh_col,p05_w,0.0,yes
MEX_2025_ENOE_V01_M_V07_A_GLD_ALL,mh_col,p10_w,0.0,yes
MEX_2025_ENOE_V01_M_V07_A_GLD_ALL,mh_col,p25_w,0.0,yes
MEX_2025_ENOE_V01_M_V07_A_GLD_ALL,mh_col,p50_w,0.0,yes
MEX_2025_ENOE_V01_M_V07_A_GLD_ALL,mh_col,p75_w,2.0,yes
MEX_2025_ENOE_V01_M_V07_A_GLD_ALL,mh_col,p90_w,7.0,yes
MEX_2025_ENOE_V01_M_V07_A_GLD_ALL,mh_col,p95_w,7.0,yes
MEX_2025_ENOE_V01_M_V07_A_GLD_ALL,mh_col,p99_w,9.0,yes
MEX_2025_ENOE_V01_M_V07_A_GLD_ALL,p2a_dia,missing_share,0.9866159926880488,no
MEX_2025_ENOE_V01_M_V07_A_GLD_ALL,p2a_dia,non_missing_n,5462.0,no
MEX_2025_ENOE_V01_M_V07_A_GLD_ALL,p2a_dia,zero_share,0.0,no
MEX_2025_ENOE_V01_M_V07_A_GLD_ALL,p2a_dia,mean,36.81233980227023,no
MEX_2025_ENOE_V01_M_V07_A_GLD_ALL,p2a_dia,sd,40.22424928342695,no
MEX_2025_ENOE_V01_M_V07_A_GLD_ALL,p2a_dia,max,99.0,no
MEX_2025_ENOE_V01_M_V07_A_GLD_ALL,p2a_dia,min,1.0,no
MEX_2025_ENOE_V01_M_V07_A_GLD_ALL,p2a_dia,num,5462.0,no
MEX_2025_ENOE_V01_M_V07_A_GLD_ALL,p2a_dia,skewness,0.8277190161833192,no
MEX_2025_ENOE_V01_M_V07_A_GLD_ALL,p2a_dia,kurtosis,-1.1702278308819651,no
MEX_2025_ENOE_V01_M_V07_A_GLD_ALL,p2a_dia,p01,1.0,no
MEX_2025_ENOE_V01_M_V07_A_GLD_ALL,p2a_dia,p05,1.0,no
MEX_2025_ENOE_V01_M_V07_A_GLD_ALL,p2a_dia,p10,1.0,no
MEX_2025_ENOE_V01_M_V07_A_GLD_ALL,p2a_dia,p25,6.0,no
MEX_2025_ENOE_V01_M_V07_A_GLD_ALL,p2a_dia,p50,15.0,no
MEX_2025_ENOE_V01_M_V07_A_GLD_ALL,p2a_dia,p75,99.0,no
MEX_2025_ENOE_V01_M_V07_A_GLD_ALL,p2a_dia,p90,99.0,no
MEX_2025_ENOE_V01_M_V07_A_GLD_ALL,p2a_dia,p95,99.0,no
MEX_2025_ENOE_V01_M_V07_A_GLD_ALL,p2a_dia,p99,99.0,no
MEX_2025_ENOE_V01_M_V07_A_GLD_ALL,p2a_dia,missing_share_w,0.986985598655065,yes
MEX_2025_ENOE_V01_M_V07_A_GLD_ALL,p2a_dia,zero_share_w,0.0,yes
MEX_2025_ENOE_V01_M_V07_A_GLD_ALL,p2a_dia,mean_w,36.84784701118945,yes
MEX_2025_ENOE_V01_M_V07_A_GLD_ALL,p2a_dia,sd_w,40.26319501253742,yes
MEX_2025_ENOE_V01_M_V07_A_GLD_ALL,p2a_dia,p01_w,1.0,yes
MEX_2025_ENOE_V01_M_V07_A_GLD_ALL,p2a_dia,p05_w,1.0,yes
MEX_2025_ENOE_V01_M_V07_A_GLD_ALL,p2a_dia,p10_w,1.0,yes
MEX_2025_ENOE_V01_M_V07_A_GLD_ALL,p2a_dia,p25_w,5.0,yes
MEX_2025_ENOE_V01_M_V07_A_GLD_ALL,p2a_dia,p50_w,16.0,yes
MEX_2025_ENOE_V01_M_V07_A_GLD_ALL,p2a_dia,p75_w,99.0,yes
MEX_2025_ENOE_V01_M_V07_A_GLD_ALL,p2a_dia,p90_w,99.0,yes
MEX_2025_ENOE_V01_M_V07_A_GLD_ALL,p2a_dia,p95_w,99.0,yes
MEX_2025_ENOE_V01_M_V07_A_GLD_ALL,p2a_dia,p99_w,99.0,yes
MEX_2025_ENOE_V01_M_V07_A_GLD_ALL,p2a_sem,missing_share,0.99615044388739,no
MEX_2025_ENOE_V01_M_V07_A_GLD_ALL,p2a_sem,non_missing_n,1571.0,no
MEX_2025_ENOE_V01_M_V07_A_GLD_ALL,p2a_sem,zero_share,0.0,no
MEX_2025_ENOE_V01_M_V07_A_GLD_ALL,p2a_sem,mean,2.828771483131763,no
MEX_2025_ENOE_V01_M_V07_A_GLD_ALL,p2a_sem,sd,2.630170313557671,no
MEX_2025_ENOE_V01_M_V07_A_GLD_ALL,p2a_sem,max,9.0,no
MEX_2025_ENOE_V01_M_V07_A_GLD_ALL,p2a_sem,min,1.0,no
MEX_2025_ENOE_V01_M_V07_A_GLD_ALL,p2a_sem,num,1571.0,no
MEX_2025_ENOE_V01_M_V07_A_GLD_ALL,p2a_sem,skewness,1.5944054296475008,no
MEX_2025_ENOE_V01_M_V07_A_GLD_ALL,p2a_sem,kurtosis,1.1933541619055124,no
MEX_2025_ENOE_V01_M_V07_A_GLD_ALL,p2a_sem,p01,1.0,no
MEX_2025_ENOE_V01_M_V07_A_GLD_ALL,p2a_sem,p05,1.0,no
MEX_2025_ENOE_V01_M_V07_A_GLD_ALL,p2a_sem,p10,1.0,no
MEX_2025_ENOE_V01_M_V07_A_GLD_ALL,p2a_sem,p25,1.0,no
MEX_2025_ENOE_V01_M_V07_A_GLD_ALL,p2a_sem,p50,2.0,no
MEX_2025_ENOE_V01_M_V07_A_GLD_ALL,p2a_sem,p75,4.0,no
MEX_2025_ENOE_V01_M_V07_A_GLD_ALL,p2a_sem,p90,9.0,no
MEX_2025_ENOE_V01_M_V07_A_GLD_ALL,p2a_sem,p95,9.0,no
MEX_2025_ENOE_V01_M_V07_A_GLD_ALL,p2a_sem,p99,9.0,no
MEX_2025_ENOE_V01_M_V07_A_GLD_ALL,p2a_sem,missing_share_w,0.996250972973844,yes
MEX_2025_ENOE_V01_M_V07_A_GLD_ALL,p2a_sem,zero_share_w,0.0,yes
MEX_2025_ENOE_V01_M_V07_A_GLD_ALL,p2a_sem,mean_w,3.00477267683236,yes
MEX_2025_ENOE_V01_M_V07_A_GLD_ALL,p2a_sem,sd_w,2.6981889015295444,yes
MEX_2025_ENOE_V01_M_V07_A_GLD_ALL,p2a_sem,p01_w,1.0,yes
MEX_2025_ENOE_V01_M_V07_A_GLD_ALL,p2a_sem,p05_w,1.0,yes
MEX_2025_ENOE_V01_M_V07_A_GLD_ALL,p2a_sem,p10_w,1.0,yes
MEX_2025_ENOE_V01_M_V07_A_GLD_ALL,p2a_sem,p25_w,1.0,yes
MEX_2025_ENOE_V01_M_V07_A_GLD_ALL,p2a_sem,p50_w,2.0,yes
MEX_2025_ENOE_V01_M_V07_A_GLD_ALL,p2a_sem,p75_w,4.0,yes
MEX_2025_ENOE_V01_M_V07_A_GLD_ALL,p2a_sem,p90_w,9.0,yes
MEX_2025_ENOE_V01_M_V07_A_GLD_ALL,p2a_sem,p95_w,9.0,yes
MEX_2025_ENOE_V01_M_V07_A_GLD_ALL,p2a_sem,p99_w,9.0,yes
MEX_2025_ENOE_V01_M_V07_A_GLD_ALL,p2a_mes,missing_share,0.9866159926880488,no
MEX_2025_ENOE_V01_M_V07_A_GLD_ALL,p2a_mes,non_missing_n,5462.0,no
MEX_2025_ENOE_V01_M_V07_A_GLD_ALL,p2a_mes,zero_share,0.0,no
MEX_2025_ENOE_V01_M_V07_A_GLD_ALL,p2a_mes,mean,9.351702673013548,no
MEX_2025_ENOE_V01_M_V07_A_GLD_ALL,p2a_mes,sd,6.871080866459058,no
MEX_2025_ENOE_V01_M_V07_A_GLD_ALL,p2a_mes,max,99.0,no
MEX_2025_ENOE_V01_M_V07_A_GLD_ALL,p2a_mes,min,1.0,no
MEX_2025_ENOE_V01_M_V07_A_GLD_ALL,p2a_mes,num,5462.0,no
MEX_2025_ENOE_V01_M_V07_A_GLD_ALL,p2a_mes,skewness,11.29908526702425,no
MEX_2025_ENOE_V01_M_V07_A_GLD_ALL,p2a_mes,kurtosis,145.84431263792487,no
MEX_2025_ENOE_V01_M_V07_A_GLD_ALL,p2a_mes,p01,1.0,no
MEX_2025_ENOE_V01_M_V07_A_GLD_ALL,p2a_mes,p05,3.0,no
MEX_2025_ENOE_V01_M_V07_A_GLD_ALL,p2a_mes,p10,6.0,no
MEX_2025_ENOE_V01_M_V07_A_GLD_ALL,p2a_mes,p25,8.0,no
MEX_2025_ENOE_V01_M_V07_A_GLD_ALL,p2a_mes,p50,9.0,no
MEX_2025_ENOE_V01_M_V07_A_GLD_ALL,p2a_mes,p75,10.0,no
MEX_2025_ENOE_V01_M_V07_A_GLD_ALL,p2a_mes,p90,11.0,no
MEX_2025_ENOE_V01_M_V07_A_GLD_ALL,p2a_mes,p95,12.0,no
MEX_2025_ENOE_V01_M_V07_A_GLD_ALL,p2a_mes,p99,12.0,no
MEX_2025_ENOE_V01_M_V07_A_GLD_ALL,p2a_mes,missing_share_w,0.986985598655065,yes
MEX_2025_ENOE_V01_M_V07_A_GLD_ALL,p2a_mes,zero_share_w,0.0,yes
MEX_2025_ENOE_V01_M_V07_A_GLD_ALL,p2a_mes,mean_w,9.198491532392637,yes
MEX_2025_ENOE_V01_M_V07_A_GLD_ALL,p2a_mes,sd_w,5.897117895215695,yes
MEX_2025_ENOE_V01_M_V07_A_GLD_ALL,p2a_mes,p01_w,1.0,yes
MEX_2025_ENOE_V01_M_V07_A_GLD_ALL,p2a_mes,p05_w,3.0,yes
MEX_2025_ENOE_V01_M_V07_A_GLD_ALL,p2a_mes,p10_w,6.0,yes
MEX_2025_ENOE_V01_M_V07_A_GLD_ALL,p2a_mes,p25_w,8.0,yes
MEX_2025_ENOE_V01_M_V07_A_GLD_ALL,p2a_mes,p50_w,9.0,yes
MEX_2025_ENOE_V01_M_V07_A_GLD_ALL,p2a_mes,p75_w,10.0,yes
MEX_2025_ENOE_V01_M_V07_A_GLD_ALL,p2a_mes,p90_w,11.0,yes
MEX_2025_ENOE_V01_M_V07_A_GLD_ALL,p2a_mes,p95_w,12.0,yes
MEX_2025_ENOE_V01_M_V07_A_GLD_ALL,p2a_mes,p99_w,12.0,yes
MEX_2025_ENOE_V01_M_V07_A_GLD_ALL,p2a_anio,missing_share,0.9866159926880488,no
MEX_2025_ENOE_V01_M_V07_A_GLD_ALL,p2a_anio,non_missing_n,5462.0,no
MEX_2025_ENOE_V01_M_V07_A_GLD_ALL,p2a_anio,zero_share,0.0,no
MEX_2025_ENOE_V01_M_V07_A_GLD_ALL,p2a_anio,mean,2029.3136213841083,no
MEX_2025_ENOE_V01_M_V07_A_GLD_ALL,p2a_anio,sd,186.8472069206259,no
MEX_2025_ENOE_V01_M_V07_A_GLD_ALL,p2a_anio,max,9999.0,no
MEX_2025_ENOE_V01_M_V07_A_GLD_ALL,p2a_anio,min,2010.0,no
MEX_2025_ENOE_V01_M_V07_A_GLD_ALL,p2a_anio,num,5462.0,no
MEX_2025_ENOE_V01_M_V07_A_GLD_ALL,p2a_anio,skewness,42.64536694804479,no
MEX_2025_ENOE_V01_M_V07_A_GLD_ALL,p2a_anio,kurtosis,1817.305701212712,no
MEX_2025_ENOE_V01_M_V07_A_GLD_ALL,p2a_anio,p01,2023.0,no
MEX_2025_ENOE_V01_M_V07_A_GLD_ALL,p2a_anio,p05,2025.0,no
MEX_2025_ENOE_V01_M_V07_A_GLD_ALL,p2a_anio,p10,2025.0,no
MEX_2025_ENOE_V01_M_V07_A_GLD_ALL,p2a_anio,p25,2025.0,no
MEX_2025_ENOE_V01_M_V07_A_GLD_ALL,p2a_anio,p50,2025.0,no
MEX_2025_ENOE_V01_M_V07_A_GLD_ALL,p2a_anio,p75,2025.0,no
MEX_2025_ENOE_V01_M_V07_A_GLD_ALL,p2a_anio,p90,2025.0,no
MEX_2025_ENOE_V01_M_V07_A_GLD_ALL,p2a_anio,p95,2025.0,no
MEX_2025_ENOE_V01_M_V07_A_GLD_ALL,p2a_anio,p99,2025.0,no
MEX_2025_ENOE_V01_M_V07_A_GLD_ALL,p2a_anio,missing_share_w,0.986985598655065,yes
MEX_2025_ENOE_V01_M_V07_A_GLD_ALL,p2a_anio,zero_share_w,0.0,yes
MEX_2025_ENOE_V01_M_V07_A_GLD_ALL,p2a_anio,mean_w,2027.493516662766,yes
MEX_2025_ENOE_V01_M_V07_A_GLD_ALL,p2a_anio,sd_w,142.54755353246082,yes
MEX_2025_ENOE_V01_M_V07_A_GLD_ALL,p2a_anio,p01_w,2024.0,yes
MEX_2025_ENOE_V01_M_V07_A_GLD_ALL,p2a_anio,p05_w,2025.0,yes
MEX_2025_ENOE_V01_M_V07_A_GLD_ALL,p2a_anio,p10_w,2025.0,yes
MEX_2025_ENOE_V01_M_V07_A_GLD_ALL,p2a_anio,p25_w,2025.0,yes
MEX_2025_ENOE_V01_M_V07_A_GLD_ALL,p2a_anio,p50_w,2025.0,yes
MEX_2025_ENOE_V01_M_V07_A_GLD_ALL,p2a_anio,p75_w,2025.0,yes
MEX_2025_ENOE_V01_M_V07_A_GLD_ALL,p2a_anio,p90_w,2025.0,yes
MEX_2025_ENOE_V01_M_V07_A_GLD_ALL,p2a_anio,p95_w,2025.0,yes
MEX_2025_ENOE_V01_M_V07_A_GLD_ALL,p2a_anio,p99_w,2025.0,yes
MEX_2025_ENOE_V01_M_V07_A_GLD_ALL,p2b_dia,missing_share,0.9866159926880488,no
MEX_2025_ENOE_V01_M_V07_A_GLD_ALL,p2b_dia,non_missing_n,5462.0,no
MEX_2025_ENOE_V01_M_V07_A_GLD_ALL,p2b_dia,zero_share,0.0,no
MEX_2025_ENOE_V01_M_V07_A_GLD_ALL,p2b_dia,mean,27.48498718418162,no
MEX_2025_ENOE_V01_M_V07_A_GLD_ALL,p2b_dia,sd,30.848396415799602,no
MEX_2025_ENOE_V01_M_V07_A_GLD_ALL,p2b_dia,max,99.0,no
MEX_2025_ENOE_V01_M_V07_A_GLD_ALL,p2b_dia,min,1.0,no
MEX_2025_ENOE_V01_M_V07_A_GLD_ALL,p2b_dia,num,5462.0,no
MEX_2025_ENOE_V01_M_V07_A_GLD_ALL,p2b_dia,skewness,1.6923756527993836,no
MEX_2025_ENOE_V01_M_V07_A_GLD_ALL,p2b_dia,kurtosis,1.3502936987501322,no
MEX_2025_ENOE_V01_M_V07_A_GLD_ALL,p2b_dia,p01,1.0,no
MEX_2025_ENOE_V01_M_V07_A_GLD_ALL,p2b_dia,p05,2.0,no
MEX_2025_ENOE_V01_M_V07_A_GLD_ALL,p2b_dia,p10,3.0,no
MEX_2025_ENOE_V01_M_V07_A_GLD_ALL,p2b_dia,p25,9.0,no
MEX_2025_ENOE_V01_M_V07_A_GLD_ALL,p2b_dia,p50,18.0,no
MEX_2025_ENOE_V01_M_V07_A_GLD_ALL,p2b_dia,p75,28.0,no
MEX_2025_ENOE_V01_M_V07_A_GLD_ALL,p2b_dia,p90,99.0,no
MEX_2025_ENOE_V01_M_V07_A_GLD_ALL,p2b_dia,p95,99.0,no
MEX_2025_ENOE_V01_M_V07_A_GLD_ALL,p2b_dia,p99,99.0,no
MEX_2025_ENOE_V01_M_V07_A_GLD_ALL,p2b_dia,missing_share_w,0.986985598655065,yes
MEX_2025_ENOE_V01_M_V07_A_GLD_ALL,p2b_dia,zero_share_w,0.0,yes
MEX_2025_ENOE_V01_M_V07_A_GLD_ALL,p2b_dia,mean_w,26.461459819849622,yes
MEX_2025_ENOE_V01_M_V07_A_GLD_ALL,p2b_dia,sd_w,30.10105117502546,yes
MEX_2025_ENOE_V01_M_V07_A_GLD_ALL,p2b_dia,p01_w,1.0,yes
MEX_2025_ENOE_V01_M_V07_A_GLD_ALL,p2b_dia,p05_w,2.0,yes
MEX_2025_ENOE_V01_M_V07_A_GLD_ALL,p2b_dia,p10_w,3.0,yes
MEX_2025_ENOE_V01_M_V07_A_GLD_ALL,p2b_dia,p25_w,8.0,yes
MEX_2025_ENOE_V01_M_V07_A_GLD_ALL,p2b_dia,p50_w,16.0,yes
MEX_2025_ENOE_V01_M_V07_A_GLD_ALL,p2b_dia,p75_w,27.0,yes
MEX_2025_ENOE_V01_M_V07_A_GLD_ALL,p2b_dia,p90_w,99.0,yes
MEX_2025_ENOE_V01_M_V07_A_GLD_ALL,p2b_dia,p95_w,99.0,yes
MEX_2025_ENOE_V01_M_V07_A_GLD_ALL,p2b_dia,p99_w,99.0,yes
MEX_2025_ENOE_V01_M_V07_A_GLD_ALL,p2b_sem,missing_share,0.9980323401919632,no
MEX_2025_ENOE_V01_M_V07_A_GLD_ALL,p2b_sem,non_missing_n,803.0,no
MEX_2025_ENOE_V01_M_V07_A_GLD_ALL,p2b_sem,zero_share,0.0,no
MEX_2025_ENOE_V01_M_V07_A_GLD_ALL,p2b_sem,mean,3.0734744707347446,no
MEX_2025_ENOE_V01_M_V07_A_GLD_ALL,p2b_sem,sd,2.2479319967757,no
MEX_2025_ENOE_V01_M_V07_A_GLD_ALL,p2b_sem,max,9.0,no
MEX_2025_ENOE_V01_M_V07_A_GLD_ALL,p2b_sem,min,1.0,no
MEX_2025_ENOE_V01_M_V07_A_GLD_ALL,p2b_sem,num,803.0,no
MEX_2025_ENOE_V01_M_V07_A_GLD_ALL,p2b_sem,skewness,1.485501011787293,no
MEX_2025_ENOE_V01_M_V07_A_GLD_ALL,p2b_sem,kurtosis,1.7751723800363264,no
MEX_2025_ENOE_V01_M_V07_A_GLD_ALL,p2b_sem,p01,1.0,no
MEX_2025_ENOE_V01_M_V07_A_GLD_ALL,p2b_sem,p05,1.0,no
MEX_2025_ENOE_V01_M_V07_A_GLD_ALL,p2b_sem,p10,1.0,no
MEX_2025_ENOE_V01_M_V07_A_GLD_ALL,p2b_sem,p25,1.0,no
MEX_2025_ENOE_V01_M_V07_A_GLD_ALL,p2b_sem,p50,2.0,no
MEX_2025_ENOE_V01_M_V07_A_GLD_ALL,p2b_sem,p75,4.0,no
MEX_2025_ENOE_V01_M_V07_A_GLD_ALL,p2b_sem,p90,4.0,no
MEX_2025_ENOE_V01_M_V07_A_GLD_ALL,p2b_sem,p95,9.0,no
MEX_2025_ENOE_V01_M_V07_A_GLD_ALL,p2b_sem,p99,9.0,no
MEX_2025_ENOE_V01_M_V07_A_GLD_ALL,p2b_sem,missing_share_w,0.9982181226730888,yes
MEX_2025_ENOE_V01_M_V07_A_GLD_ALL,p2b_sem,zero_share_w,0.0,yes
MEX_2025_ENOE_V01_M_V07_A_GLD_ALL,p2b_sem,mean_w,2.917765144862035,yes
MEX_2025_ENOE_V01_M_V07_A_GLD_ALL,p2b_sem,sd_w,2.1716099356451135,yes
MEX_2025_ENOE_V01_M_V07_A_GLD_ALL,p2b_sem,p01_w,1.0,yes
MEX_2025_ENOE_V01_M_V07_A_GLD_ALL,p2b_sem,p05_w,1.0,yes
MEX_2025_ENOE_V01_M_V07_A_GLD_ALL,p2b_sem,p10_w,1.0,yes
MEX_2025_ENOE_V01_M_V07_A_GLD_ALL,p2b_sem,p25_w,1.0,yes
MEX_2025_ENOE_V01_M_V07_A_GLD_ALL,p2b_sem,p50_w,2.0,yes
MEX_2025_ENOE_V01_M_V07_A_GLD_ALL,p2b_sem,p75_w,4.0,yes
MEX_2025_ENOE_V01_M_V07_A_GLD_ALL,p2b_sem,p90_w,4.0,yes
MEX_2025_ENOE_V01_M_V07_A_GLD_ALL,p2b_sem,p95_w,9.0,yes
MEX_2025_ENOE_V01_M_V07_A_GLD_ALL,p2b_sem,p99_w,9.0,yes
MEX_2025_ENOE_V01_M_V07_A_GLD_ALL,p2b_mes,missing_share,0.9866159926880488,no
MEX_2025_ENOE_V01_M_V07_A_GLD_ALL,p2b_mes,non_missing_n,5462.0,no
MEX_2025_ENOE_V01_M_V07_A_GLD_ALL,p2b_mes,zero_share,0.0,no
MEX_2025_ENOE_V01_M_V07_A_GLD_ALL,p2b_mes,mean,10.60765287440498,no
MEX_2025_ENOE_V01_M_V07_A_GLD_ALL,p2b_mes,sd,3.9957906827946714,no
MEX_2025_ENOE_V01_M_V07_A_GLD_ALL,p2b_mes,max,99.0,no
MEX_2025_ENOE_V01_M_V07_A_GLD_ALL,p2b_mes,min,1.0,no
MEX_2025_ENOE_V01_M_V07_A_GLD_ALL,p2b_mes,num,5462.0,no
MEX_2025_ENOE_V01_M_V07_A_GLD_ALL,p2b_mes,skewness,19.753308048051547,no
MEX_2025_ENOE_V01_M_V07_A_GLD_ALL,p2b_mes,kurtosis,436.12791460182785,no
MEX_2025_ENOE_V01_M_V07_A_GLD_ALL,p2b_mes,p01,6.0,no
MEX_2025_ENOE_V01_M_V07_A_GLD_ALL,p2b_mes,p05,9.0,no
MEX_2025_ENOE_V01_M_V07_A_GLD_ALL,p2b_mes,p10,9.0,no
MEX_2025_ENOE_V01_M_V07_A_GLD_ALL,p2b_mes,p25,10.0,no
MEX_2025_ENOE_V01_M_V07_A_GLD_ALL,p2b_mes,p50,11.0,no
MEX_2025_ENOE_V01_M_V07_A_GLD_ALL,p2b_mes,p75,11.0,no
MEX_2025_ENOE_V01_M_V07_A_GLD_ALL,p2b_mes,p90,12.0,no
MEX_2025_ENOE_V01_M_V07_A_GLD_ALL,p2b_mes,p95,12.0,no
MEX_2025_ENOE_V01_M_V07_A_GLD_ALL,p2b_mes,p99,12.0,no
MEX_2025_ENOE_V01_M_V07_A_GLD_ALL,p2b_mes,missing_share_w,0.986985598655065,yes
MEX_2025_ENOE_V01_M_V07_A_GLD_ALL,p2b_mes,zero_share_w,0.0,yes
MEX_2025_ENOE_V01_M_V07_A_GLD_ALL,p2b_mes,mean_w,10.566115258937574,yes
MEX_2025_ENOE_V01_M_V07_A_GLD_ALL,p2b_mes,sd_w,2.971690901810504,yes
MEX_2025_ENOE_V01_M_V07_A_GLD_ALL,p2b_mes,p01_w,5.0,yes
MEX_2025_ENOE_V01_M_V07_A_GLD_ALL,p2b_mes,p05_w,9.0,yes
MEX_2025_ENOE_V01_M_V07_A_GLD_ALL,p2b_mes,p10_w,9.0,yes
MEX_2025_ENOE_V01_M_V07_A_GLD_ALL,p2b_mes,p25_w,10.0,yes
MEX_2025_ENOE_V01_M_V07_A_GLD_ALL,p2b_mes,p50_w,11.0,yes
MEX_2025_ENOE_V01_M_V07_A_GLD_ALL,p2b_mes,p75_w,11.0,yes
MEX_2025_ENOE_V01_M_V07_A_GLD_ALL,p2b_mes,p90_w,12.0,yes
MEX_2025_ENOE_V01_M_V07_A_GLD_ALL,p2b_mes,p95_w,12.0,yes
MEX_2025_ENOE_V01_M_V07_A_GLD_ALL,p2b_mes,p99_w,12.0,yes
MEX_2025_ENOE_V01_M_V07_A_GLD_ALL,p2b_anio,missing_share,0.9866159926880488,no
MEX_2025_ENOE_V01_M_V07_A_GLD_ALL,p2b_anio,non_missing_n,5462.0,no
MEX_2025_ENOE_V01_M_V07_A_GLD_ALL,p2b_anio,zero_share,0.0,no
MEX_2025_ENOE_V01_M_V07_A_GLD_ALL,p2b_anio,mean,2036.6726473819115,no
MEX_2025_ENOE_V01_M_V07_A_GLD_ALL,p2b_anio,sd,304.97712387861077,no
MEX_2025_ENOE_V01_M_V07_A_GLD_ALL,p2b_anio,max,9999.0,no
MEX_2025_ENOE_V01_M_V07_A_GLD_ALL,p2b_anio,min,2018.0,no
MEX_2025_ENOE_V01_M_V07_A_GLD_ALL,p2b_anio,num,5462.0,no
MEX_2025_ENOE_V01_M_V07_A_GLD_ALL,p2b_anio,skewness,26.0791973737908,no
MEX_2025_ENOE_V01_M_V07_A_GLD_ALL,p2b_anio,kurtosis,678.3730889728428,no
MEX_2025_ENOE_V01_M_V07_A_GLD_ALL,p2b_anio,p01,2025.0,no
MEX_2025_ENOE_V01_M_V07_A_GLD_ALL,p2b_anio,p05,2025.0,no
MEX_2025_ENOE_V01_M_V07_A_GLD_ALL,p2b_anio,p10,2025.0,no
MEX_2025_ENOE_V01_M_V07_A_GLD_ALL,p2b_anio,p25,2025.0,no
MEX_2025_ENOE_V01_M_V07_A_GLD_ALL,p2b_anio,p50,2025.0,no
MEX_2025_ENOE_V01_M_V07_A_GLD_ALL,p2b_anio,p75,2025.0,no
MEX_2025_ENOE_V01_M_V07_A_GLD_ALL,p2b_anio,p90,2025.0,no
MEX_2025_ENOE_V01_M_V07_A_GLD_ALL,p2b_anio,p95,2025.0,no
MEX_2025_ENOE_V01_M_V07_A_GLD_ALL,p2b_anio,p99,2025.0,no
MEX_2025_ENOE_V01_M_V07_A_GLD_ALL,p2b_anio,missing_share_w,0.986985598655065,yes
MEX_2025_ENOE_V01_M_V07_A_GLD_ALL,p2b_anio,zero_share_w,0.0,yes
MEX_2025_ENOE_V01_M_V07_A_GLD_ALL,p2b_anio,mean_w,2031.245384944299,yes
MEX_2025_ENOE_V01_M_V07_A_GLD_ALL,p2b_anio,sd_w,223.13045525891437,yes
MEX_2025_ENOE_V01_M_V07_A_GLD_ALL,p2b_anio,p01_w,2025.0,yes
MEX_2025_ENOE_V01_M_V07_A_GLD_ALL,p2b_anio,p05_w,2025.0,yes
MEX_2025_ENOE_V01_M_V07_A_GLD_ALL,p2b_anio,p10_w,2025.0,yes
MEX_2025_ENOE_V01_M_V07_A_GLD_ALL,p2b_anio,p25_w,2025.0,yes
MEX_2025_ENOE_V01_M_V07_A_GLD_ALL,p2b_anio,p50_w,2025.0,yes
MEX_2025_ENOE_V01_M_V07_A_GLD_ALL,p2b_anio,p75_w,2025.0,yes
MEX_2025_ENOE_V01_M_V07_A_GLD_ALL,p2b_anio,p90_w,2025.0,yes
MEX_2025_ENOE_V01_M_V07_A_GLD_ALL,p2b_anio,p95_w,2025.0,yes
MEX_2025_ENOE_V01_M_V07_A_GLD_ALL,p2b_anio,p99_w,2025.0,yes
MEX_2025_ENOE_V01_M_V07_A_GLD_ALL,p2b,missing_share,0.9866159926880488,no
MEX_2025_ENOE_V01_M_V07_A_GLD_ALL,p2b,non_missing_n,5462.0,no
MEX_2025_ENOE_V01_M_V07_A_GLD_ALL,p2b,zero_share,0.0,no
MEX_2025_ENOE_V01_M_V07_A_GLD_ALL,p2b,mean,1.1583668985719517,no
MEX_2025_ENOE_V01_M_V07_A_GLD_ALL,p2b,sd,0.623358512091688,no
MEX_2025_ENOE_V01_M_V07_A_GLD_ALL,p2b,max,9.0,no
MEX_2025_ENOE_V01_M_V07_A_GLD_ALL,p2b,min,1.0,no
MEX_2025_ENOE_V01_M_V07_A_GLD_ALL,p2b,num,5462.0,no
MEX_2025_ENOE_V01_M_V07_A_GLD_ALL,p2b,skewness,5.66981105405972,no
MEX_2025_ENOE_V01_M_V07_A_GLD_ALL,p2b,kurtosis,45.40567588482853,no
MEX_2025_ENOE_V01_M_V07_A_GLD_ALL,p2b,p01,1.0,no
MEX_2025_ENOE_V01_M_V07_A_GLD_ALL,p2b,p05,1.0,no
MEX_2025_ENOE_V01_M_V07_A_GLD_ALL,p2b,p10,1.0,no
MEX_2025_ENOE_V01_M_V07_A_GLD_ALL,p2b,p25,1.0,no
MEX_2025_ENOE_V01_M_V07_A_GLD_ALL,p2b,p50,1.0,no
MEX_2025_ENOE_V01_M_V07_A_GLD_ALL,p2b,p75,1.0,no
MEX_2025_ENOE_V01_M_V07_A_GLD_ALL,p2b,p90,1.0,no
MEX_2025_ENOE_V01_M_V07_A_GLD_ALL,p2b,p95,2.0,no
MEX_2025_ENOE_V01_M_V07_A_GLD_ALL,p2b,p99,4.0,no
MEX_2025_ENOE_V01_M_V07_A_GLD_ALL,p2b,missing_share_w,0.986985598655065,yes
MEX_2025_ENOE_V01_M_V07_A_GLD_ALL,p2b,zero_share_w,0.0,yes
MEX_2025_ENOE_V01_M_V07_A_GLD_ALL,p2b,mean_w,1.1438763007292472,yes
MEX_2025_ENOE_V01_M_V07_A_GLD_ALL,p2b,sd_w,0.5826557724438723,yes
MEX_2025_ENOE_V01_M_V07_A_GLD_ALL,p2b,p01_w,1.0,yes
MEX_2025_ENOE_V01_M_V07_A_GLD_ALL,p2b,p05_w,1.0,yes
MEX_2025_ENOE_V01_M_V07_A_GLD_ALL,p2b,p10_w,1.0,yes
MEX_2025_ENOE_V01_M_V07_A_GLD_ALL,p2b,p25_w,1.0,yes
MEX_2025_ENOE_V01_M_V07_A_GLD_ALL,p2b,p50_w,1.0,yes
MEX_2025_ENOE_V01_M_V07_A_GLD_ALL,p2b,p75_w,1.0,yes
MEX_2025_ENOE_V01_M_V07_A_GLD_ALL,p2b,p90_w,1.0,yes
MEX_2025_ENOE_V01_M_V07_A_GLD_ALL,p2b,p95_w,2.0,yes
MEX_2025_ENOE_V01_M_V07_A_GLD_ALL,p2b,p99_w,4.0,yes
MEX_2025_ENOE_V01_M_V07_A_GLD_ALL,p2d1,missing_share,0.9922053227280635,no
MEX_2025_ENOE_V01_M_V07_A_GLD_ALL,p2d1,non_missing_n,3181.0,no
MEX_2025_ENOE_V01_M_V07_A_GLD_ALL,p2d1,zero_share,0.0,no
MEX_2025_ENOE_V01_M_V07_A_GLD_ALL,p2d1,mean,1.0,no
MEX_2025_ENOE_V01_M_V07_A_GLD_ALL,p2d1,sd,0.0,no
MEX_2025_ENOE_V01_M_V07_A_GLD_ALL,p2d1,max,1.0,no
MEX_2025_ENOE_V01_M_V07_A_GLD_ALL,p2d1,min,1.0,no
MEX_2025_ENOE_V01_M_V07_A_GLD_ALL,p2d1,num,3181.0,no
MEX_2025_ENOE_V01_M_V07_A_GLD_ALL,p2d1,skewness,0.0,no
MEX_2025_ENOE_V01_M_V07_A_GLD_ALL,p2d1,kurtosis,0.0,no
MEX_2025_ENOE_V01_M_V07_A_GLD_ALL,p2d1,p01,1.0,no
MEX_2025_ENOE_V01_M_V07_A_GLD_ALL,p2d1,p05,1.0,no
MEX_2025_ENOE_V01_M_V07_A_GLD_ALL,p2d1,p10,1.0,no
MEX_2025_ENOE_V01_M_V07_A_GLD_ALL,p2d1,p25,1.0,no
MEX_2025_ENOE_V01_M_V07_A_GLD_ALL,p2d1,p50,1.0,no
MEX_2025_ENOE_V01_M_V07_A_GLD_ALL,p2d1,p75,1.0,no
MEX_2025_ENOE_V01_M_V07_A_GLD_ALL,p2d1,p90,1.0,no
MEX_2025_ENOE_V01_M_V07_A_GLD_ALL,p2d1,p95,1.0,no
MEX_2025_ENOE_V01_M_V07_A_GLD_ALL,p2d1,p99,1.0,no
MEX_2025_ENOE_V01_M_V07_A_GLD_ALL,p2d1,missing_share_w,0.99280500303038,yes
MEX_2025_ENOE_V01_M_V07_A_GLD_ALL,p2d1,zero_share_w,0.0,yes
MEX_2025_ENOE_V01_M_V07_A_GLD_ALL,p2d1,mean_w,1.0,yes
MEX_2025_ENOE_V01_M_V07_A_GLD_ALL,p2d1,sd_w,0.0,yes
MEX_2025_ENOE_V01_M_V07_A_GLD_ALL,p2d1,p01_w,1.0,yes
MEX_2025_ENOE_V01_M_V07_A_GLD_ALL,p2d1,p05_w,1.0,yes
MEX_2025_ENOE_V01_M_V07_A_GLD_ALL,p2d1,p10_w,1.0,yes
MEX_2025_ENOE_V01_M_V07_A_GLD_ALL,p2d1,p25_w,1.0,yes
MEX_2025_ENOE_V01_M_V07_A_GLD_ALL,p2d1,p50_w,1.0,yes
MEX_2025_ENOE_V01_M_V07_A_GLD_ALL,p2d1,p75_w,1.0,yes
MEX_2025_ENOE_V01_M_V07_A_GLD_ALL,p2d1,p90_w,1.0,yes
MEX_2025_ENOE_V01_M_V07_A_GLD_ALL,p2d1,p95_w,1.0,yes
MEX_2025_ENOE_V01_M_V07_A_GLD_ALL,p2d1,p99_w,1.0,yes
MEX_2025_ENOE_V01_M_V07_A_GLD_ALL,p2d2,missing_share,0.9998186714498197,no
MEX_2025_ENOE_V01_M_V07_A_GLD_ALL,p2d2,non_missing_n,74.0,no
MEX_2025_ENOE_V01_M_V07_A_GLD_ALL,p2d2,zero_share,0.0,no
MEX_2025_ENOE_V01_M_V07_A_GLD_ALL,p2d2,mean,2.0,no
MEX_2025_ENOE_V01_M_V07_A_GLD_ALL,p2d2,sd,0.0,no
MEX_2025_ENOE_V01_M_V07_A_GLD_ALL,p2d2,max,2.0,no
MEX_2025_ENOE_V01_M_V07_A_GLD_ALL,p2d2,min,2.0,no
MEX_2025_ENOE_V01_M_V07_A_GLD_ALL,p2d2,num,74.0,no
MEX_2025_ENOE_V01_M_V07_A_GLD_ALL,p2d2,skewness,0.0,no
MEX_2025_ENOE_V01_M_V07_A_GLD_ALL,p2d2,kurtosis,0.0,no
MEX_2025_ENOE_V01_M_V07_A_GLD_ALL,p2d2,p01,2.0,no
MEX_2025_ENOE_V01_M_V07_A_GLD_ALL,p2d2,p05,2.0,no
MEX_2025_ENOE_V01_M_V07_A_GLD_ALL,p2d2,p10,2.0,no
MEX_2025_ENOE_V01_M_V07_A_GLD_ALL,p2d2,p25,2.0,no
MEX_2025_ENOE_V01_M_V07_A_GLD_ALL,p2d2,p50,2.0,no
MEX_2025_ENOE_V01_M_V07_A_GLD_ALL,p2d2,p75,2.0,no
MEX_2025_ENOE_V01_M_V07_A_GLD_ALL,p2d2,p90,2.0,no
MEX_2025_ENOE_V01_M_V07_A_GLD_ALL,p2d2,p95,2.0,no
MEX_2025_ENOE_V01_M_V07_A_GLD_ALL,p2d2,p99,2.0,no
MEX_2025_ENOE_V01_M_V07_A_GLD_ALL,p2d2,missing_share_w,0.9997699648576378,yes
MEX_2025_ENOE_V01_M_V07_A_GLD_ALL,p2d2,zero_share_w,0.0,yes
MEX_2025_ENOE_V01_M_V07_A_GLD_ALL,p2d2,mean_w,2.0,yes
MEX_2025_ENOE_V01_M_V07_A_GLD_ALL,p2d2,sd_w,0.0,yes
MEX_2025_ENOE_V01_M_V07_A_GLD_ALL,p2d2,p01_w,2.0,yes
MEX_2025_ENOE_V01_M_V07_A_GLD_ALL,p2d2,p05_w,2.0,yes
MEX_2025_ENOE_V01_M_V07_A_GLD_ALL,p2d2,p10_w,2.0,yes
MEX_2025_ENOE_V01_M_V07_A_GLD_ALL,p2d2,p25_w,2.0,yes
MEX_2025_ENOE_V01_M_V07_A_GLD_ALL,p2d2,p50_w,2.0,yes
MEX_2025_ENOE_V01_M_V07_A_GLD_ALL,p2d2,p75_w,2.0,yes
MEX_2025_ENOE_V01_M_V07_A_GLD_ALL,p2d2,p90_w,2.0,yes
MEX_2025_ENOE_V01_M_V07_A_GLD_ALL,p2d2,p95_w,2.0,yes
MEX_2025_ENOE_V01_M_V07_A_GLD_ALL,p2d2,p99_w,2.0,yes
MEX_2025_ENOE_V01_M_V07_A_GLD_ALL,p2d3,missing_share,0.9998823814809642,no
MEX_2025_ENOE_V01_M_V07_A_GLD_ALL,p2d3,non_missing_n,48.0,no
MEX_2025_ENOE_V01_M_V07_A_GLD_ALL,p2d3,zero_share,0.0,no
MEX_2025_ENOE_V01_M_V07_A_GLD_ALL,p2d3,mean,3.0,no
MEX_2025_ENOE_V01_M_V07_A_GLD_ALL,p2d3,sd,0.0,no
MEX_2025_ENOE_V01_M_V07_A_GLD_ALL,p2d3,max,3.0,no
MEX_2025_ENOE_V01_M_V07_A_GLD_ALL,p2d3,min,3.0,no
MEX_2025_ENOE_V01_M_V07_A_GLD_ALL,p2d3,num,48.0,no
MEX_2025_ENOE_V01_M_V07_A_GLD_ALL,p2d3,skewness,0.0,no
MEX_2025_ENOE_V01_M_V07_A_GLD_ALL,p2d3,kurtosis,0.0,no
MEX_2025_ENOE_V01_M_V07_A_GLD_ALL,p2d3,p01,3.0,no
MEX_2025_ENOE_V01_M_V07_A_GLD_ALL,p2d3,p05,3.0,no
MEX_2025_ENOE_V01_M_V07_A_GLD_ALL,p2d3,p10,3.0,no
MEX_2025_ENOE_V01_M_V07_A_GLD_ALL,p2d3,p25,3.0,no
MEX_2025_ENOE_V01_M_V07_A_GLD_ALL,p2d3,p50,3.0,no
MEX_2025_ENOE_V01_M_V07_A_GLD_ALL,p2d3,p75,3.0,no
MEX_2025_ENOE_V01_M_V07_A_GLD_ALL,p2d3,p90,3.0,no
MEX_2025_ENOE_V01_M_V07_A_GLD_ALL,p2d3,p95,3.0,no
MEX_2025_ENOE_V01_M_V07_A_GLD_ALL,p2d3,p99,3.0,no
MEX_2025_ENOE_V01_M_V07_A_GLD_ALL,p2d3,missing_share_w,0.9999166804851872,yes
MEX_2025_ENOE_V01_M_V07_A_GLD_ALL,p2d3,zero_share_w,0.0,yes
MEX_2025_ENOE_V01_M_V07_A_GLD_ALL,p2d3,mean_w,3.0,yes
MEX_2025_ENOE_V01_M_V07_A_GLD_ALL,p2d3,sd_w,0.0,yes
MEX_2025_ENOE_V01_M_V07_A_GLD_ALL,p2d3,p01_w,3.0,yes
MEX_2025_ENOE_V01_M_V07_A_GLD_ALL,p2d3,p05_w,3.0,yes
MEX_2025_ENOE_V01_M_V07_A_GLD_ALL,p2d3,p10_w,3.0,yes
MEX_2025_ENOE_V01_M_V07_A_GLD_ALL,p2d3,p25_w,3.0,yes
MEX_2025_ENOE_V01_M_V07_A_GLD_ALL,p2d3,p50_w,3.0,yes
MEX_2025_ENOE_V01_M_V07_A_GLD_ALL,p2d3,p75_w,3.0,yes
MEX_2025_ENOE_V01_M_V07_A_GLD_ALL,p2d3,p90_w,3.0,yes
MEX_2025_ENOE_V01_M_V07_A_GLD_ALL,p2d3,p95_w,3.0,yes
MEX_2025_ENOE_V01_M_V07_A_GLD_ALL,p2d3,p99_w,3.0,yes
MEX_2025_ENOE_V01_M_V07_A_GLD_ALL,p2d4,missing_share,0.999889732638404,no
MEX_2025_ENOE_V01_M_V07_A_GLD_ALL,p2d4,non_missing_n,45.0,no
MEX_2025_ENOE_V01_M_V07_A_GLD_ALL,p2d4,zero_share,0.0,no
MEX_2025_ENOE_V01_M_V07_A_GLD_ALL,p2d4,mean,4.0,no
MEX_2025_ENOE_V01_M_V07_A_GLD_ALL,p2d4,sd,0.0,no
MEX_2025_ENOE_V01_M_V07_A_GLD_ALL,p2d4,max,4.0,no
MEX_2025_ENOE_V01_M_V07_A_GLD_ALL,p2d4,min,4.0,no
MEX_2025_ENOE_V01_M_V07_A_GLD_ALL,p2d4,num,45.0,no
MEX_2025_ENOE_V01_M_V07_A_GLD_ALL,p2d4,skewness,0.0,no
MEX_2025_ENOE_V01_M_V07_A_GLD_ALL,p2d4,kurtosis,0.0,no
MEX_2025_ENOE_V01_M_V07_A_GLD_ALL,p2d4,p01,4.0,no
MEX_2025_ENOE_V01_M_V07_A_GLD_ALL,p2d4,p05,4.0,no
MEX_2025_ENOE_V01_M_V07_A_GLD_ALL,p2d4,p10,4.0,no
MEX_2025_ENOE_V01_M_V07_A_GLD_ALL,p2d4,p25,4.0,no
MEX_2025_ENOE_V01_M_V07_A_GLD_ALL,p2d4,p50,4.0,no
MEX_2025_ENOE_V01_M_V07_A_GLD_ALL,p2d4,p75,4.0,no
MEX_2025_ENOE_V01_M_V07_A_GLD_ALL,p2d4,p90,4.0,no
MEX_2025_ENOE_V01_M_V07_A_GLD_ALL,p2d4,p95,4.0,no
MEX_2025_ENOE_V01_M_V07_A_GLD_ALL,p2d4,p99,4.0,no
MEX_2025_ENOE_V01_M_V07_A_GLD_ALL,p2d4,missing_share_w,0.9999067264176366,yes
MEX_2025_ENOE_V01_M_V07_A_GLD_ALL,p2d4,zero_share_w,0.0,yes
MEX_2025_ENOE_V01_M_V07_A_GLD_ALL,p2d4,mean_w,4.0,yes
MEX_2025_ENOE_V01_M_V07_A_GLD_ALL,p2d4,sd_w,0.0,yes
MEX_2025_ENOE_V01_M_V07_A_GLD_ALL,p2d4,p01_w,4.0,yes
MEX_2025_ENOE_V01_M_V07_A_GLD_ALL,p2d4,p05_w,4.0,yes
MEX_2025_ENOE_V01_M_V07_A_GLD_ALL,p2d4,p10_w,4.0,yes
MEX_2025_ENOE_V01_M_V07_A_GLD_ALL,p2d4,p25_w,4.0,yes
MEX_2025_ENOE_V01_M_V07_A_GLD_ALL,p2d4,p50_w,4.0,yes
MEX_2025_ENOE_V01_M_V07_A_GLD_ALL,p2d4,p75_w,4.0,yes
MEX_2025_ENOE_V01_M_V07_A_GLD_ALL,p2d4,p90_w,4.0,yes
MEX_2025_ENOE_V01_M_V07_A_GLD_ALL,p2d4,p95_w,4.0,yes
MEX_2025_ENOE_V01_M_V07_A_GLD_ALL,p2d4,p99_w,4.0,yes
MEX_2025_ENOE_V01_M_V07_A_GLD_ALL,p2d5,missing_share,0.999830923378886,no
MEX_2025_ENOE_V01_M_V07_A_GLD_ALL,p2d5,non_missing_n,69.0,no
MEX_2025_ENOE_V01_M_V07_A_GLD_ALL,p2d5,zero_share,0.0,no
MEX_2025_ENOE_V01_M_V07_A_GLD_ALL,p2d5,mean,5.0,no
MEX_2025_ENOE_V01_M_V07_A_GLD_ALL,p2d5,sd,0.0,no
MEX_2025_ENOE_V01_M_V07_A_GLD_ALL,p2d5,max,5.0,no
MEX_2025_ENOE_V01_M_V07_A_GLD_ALL,p2d5,min,5.0,no
MEX_2025_ENOE_V01_M_V07_A_GLD_ALL,p2d5,num,69.0,no
MEX_2025_ENOE_V01_M_V07_A_GLD_ALL,p2d5,skewness,0.0,no
MEX_2025_ENOE_V01_M_V07_A_GLD_ALL,p2d5,kurtosis,0.0,no
MEX_2025_ENOE_V01_M_V07_A_GLD_ALL,p2d5,p01,5.0,no
MEX_2025_ENOE_V01_M_V07_A_GLD_ALL,p2d5,p05,5.0,no
MEX_2025_ENOE_V01_M_V07_A_GLD_ALL,p2d5,p10,5.0,no
MEX_2025_ENOE_V01_M_V07_A_GLD_ALL,p2d5,p25,5.0,no
MEX_2025_ENOE_V01_M_V07_A_GLD_ALL,p2d5,p50,5.0,no
MEX_2025_ENOE_V01_M_V07_A_GLD_ALL,p2d5,p75,5.0,no
MEX_2025_ENOE_V01_M_V07_A_GLD_ALL,p2d5,p90,5.0,no
MEX_2025_ENOE_V01_M_V07_A_GLD_ALL,p2d5,p95,5.0,no
MEX_2025_ENOE_V01_M_V07_A_GLD_ALL,p2d5,p99,5.0,no
MEX_2025_ENOE_V01_M_V07_A_GLD_ALL,p2d5,missing_share_w,0.9998260557229465,yes
MEX_2025_ENOE_V01_M_V07_A_GLD_ALL,p2d5,zero_share_w,0.0,yes
MEX_2025_ENOE_V01_M_V07_A_GLD_ALL,p2d5,mean_w,5.0,yes
MEX_2025_ENOE_V01_M_V07_A_GLD_ALL,p2d5,sd_w,0.0,yes
MEX_2025_ENOE_V01_M_V07_A_GLD_ALL,p2d5,p01_w,5.0,yes
MEX_2025_ENOE_V01_M_V07_A_GLD_ALL,p2d5,p05_w,5.0,yes
MEX_2025_ENOE_V01_M_V07_A_GLD_ALL,p2d5,p10_w,5.0,yes
MEX_2025_ENOE_V01_M_V07_A_GLD_ALL,p2d5,p25_w,5.0,yes
MEX_2025_ENOE_V01_M_V07_A_GLD_ALL,p2d5,p50_w,5.0,yes
MEX_2025_ENOE_V01_M_V07_A_GLD_ALL,p2d5,p75_w,5.0,yes
MEX_2025_ENOE_V01_M_V07_A_GLD_ALL,p2d5,p90_w,5.0,yes
MEX_2025_ENOE_V01_M_V07_A_GLD_ALL,p2d5,p95_w,5.0,yes
MEX_2025_ENOE_V01_M_V07_A_GLD_ALL,p2d5,p99_w,5.0,yes
MEX_2025_ENOE_V01_M_V07_A_GLD_ALL,p2d6,missing_share,0.9963121693510644,no
MEX_2025_ENOE_V01_M_V07_A_GLD_ALL,p2d6,non_missing_n,1505.0,no
MEX_2025_ENOE_V01_M_V07_A_GLD_ALL,p2d6,zero_share,0.0,no
MEX_2025_ENOE_V01_M_V07_A_GLD_ALL,p2d6,mean,6.0,no
MEX_2025_ENOE_V01_M_V07_A_GLD_ALL,p2d6,sd,0.0,no
MEX_2025_ENOE_V01_M_V07_A_GLD_ALL,p2d6,max,6.0,no
MEX_2025_ENOE_V01_M_V07_A_GLD_ALL,p2d6,min,6.0,no
MEX_2025_ENOE_V01_M_V07_A_GLD_ALL,p2d6,num,1505.0,no
MEX_2025_ENOE_V01_M_V07_A_GLD_ALL,p2d6,skewness,0.0,no
MEX_2025_ENOE_V01_M_V07_A_GLD_ALL,p2d6,kurtosis,0.0,no
MEX_2025_ENOE_V01_M_V07_A_GLD_ALL,p2d6,p01,6.0,no
MEX_2025_ENOE_V01_M_V07_A_GLD_ALL,p2d6,p05,6.0,no
MEX_2025_ENOE_V01_M_V07_A_GLD_ALL,p2d6,p10,6.0,no
MEX_2025_ENOE_V01_M_V07_A_GLD_ALL,p2d6,p25,6.0,no
MEX_2025_ENOE_V01_M_V07_A_GLD_ALL,p2d6,p50,6.0,no
MEX_2025_ENOE_V01_M_V07_A_GLD_ALL,p2d6,p75,6.0,no
MEX_2025_ENOE_V01_M_V07_A_GLD_ALL,p2d6,p90,6.0,no
MEX_2025_ENOE_V01_M_V07_A_GLD_ALL,p2d6,p95,6.0,no
MEX_2025_ENOE_V01_M_V07_A_GLD_ALL,p2d6,p99,6.0,no
MEX_2025_ENOE_V01_M_V07_A_GLD_ALL,p2d6,missing_share_w,0.9961003184668037,yes
MEX_2025_ENOE_V01_M_V07_A_GLD_ALL,p2d6,zero_share_w,0.0,yes
MEX_2025_ENOE_V01_M_V07_A_GLD_ALL,p2d6,mean_w,6.0,yes
MEX_2025_ENOE_V01_M_V07_A_GLD_ALL,p2d6,sd_w,0.0,yes
MEX_2025_ENOE_V01_M_V07_A_GLD_ALL,p2d6,p01_w,6.0,yes
MEX_2025_ENOE_V01_M_V07_A_GLD_ALL,p2d6,p05_w,6.0,yes
MEX_2025_ENOE_V01_M_V07_A_GLD_ALL,p2d6,p10_w,6.0,yes
MEX_2025_ENOE_V01_M_V07_A_GLD_ALL,p2d6,p25_w,6.0,yes
MEX_2025_ENOE_V01_M_V07_A_GLD_ALL,p2d6,p50_w,6.0,yes
MEX_2025_ENOE_V01_M_V07_A_GLD_ALL,p2d6,p75_w,6.0,yes
MEX_2025_ENOE_V01_M_V07_A_GLD_ALL,p2d6,p90_w,6.0,yes
MEX_2025_ENOE_V01_M_V07_A_GLD_ALL,p2d6,p95_w,6.0,yes
MEX_2025_ENOE_V01_M_V07_A_GLD_ALL,p2d6,p99_w,6.0,yes
MEX_2025_ENOE_V01_M_V07_A_GLD_ALL,p2d7,missing_share,0.9998431753079522,no
MEX_2025_ENOE_V01_M_V07_A_GLD_ALL,p2d7,non_missing_n,64.0,no
MEX_2025_ENOE_V01_M_V07_A_GLD_ALL,p2d7,zero_share,0.0,no
MEX_2025_ENOE_V01_M_V07_A_GLD_ALL,p2d7,mean,7.0,no
MEX_2025_ENOE_V01_M_V07_A_GLD_ALL,p2d7,sd,0.0,no
MEX_2025_ENOE_V01_M_V07_A_GLD_ALL,p2d7,max,7.0,no
MEX_2025_ENOE_V01_M_V07_A_GLD_ALL,p2d7,min,7.0,no
MEX_2025_ENOE_V01_M_V07_A_GLD_ALL,p2d7,num,64.0,no
MEX_2025_ENOE_V01_M_V07_A_GLD_ALL,p2d7,skewness,0.0,no
MEX_2025_ENOE_V01_M_V07_A_GLD_ALL,p2d7,kurtosis,0.0,no
MEX_2025_ENOE_V01_M_V07_A_GLD_ALL,p2d7,p01,7.0,no
MEX_2025_ENOE_V01_M_V07_A_GLD_ALL,p2d7,p05,7.0,no
MEX_2025_ENOE_V01_M_V07_A_GLD_ALL,p2d7,p10,7.0,no
MEX_2025_ENOE_V01_M_V07_A_GLD_ALL,p2d7,p25,7.0,no
MEX_2025_ENOE_V01_M_V07_A_GLD_ALL,p2d7,p50,7.0,no
MEX_2025_ENOE_V01_M_V07_A_GLD_ALL,p2d7,p75,7.0,no
MEX_2025_ENOE_V01_M_V07_A_GLD_ALL,p2d7,p90,7.0,no
MEX_2025_ENOE_V01_M_V07_A_GLD_ALL,p2d7,p95,7.0,no
MEX_2025_ENOE_V01_M_V07_A_GLD_ALL,p2d7,p99,7.0,no
MEX_2025_ENOE_V01_M_V07_A_GLD_ALL,p2d7,missing_share_w,0.999817055841319,yes
MEX_2025_ENOE_V01_M_V07_A_GLD_ALL,p2d7,zero_share_w,0.0,yes
MEX_2025_ENOE_V01_M_V07_A_GLD_ALL,p2d7,mean_w,7.0,yes
MEX_2025_ENOE_V01_M_V07_A_GLD_ALL,p2d7,sd_w,0.0,yes
MEX_2025_ENOE_V01_M_V07_A_GLD_ALL,p2d7,p01_w,7.0,yes
MEX_2025_ENOE_V01_M_V07_A_GLD_ALL,p2d7,p05_w,7.0,yes
MEX_2025_ENOE_V01_M_V07_A_GLD_ALL,p2d7,p10_w,7.0,yes
MEX_2025_ENOE_V01_M_V07_A_GLD_ALL,p2d7,p25_w,7.0,yes
MEX_2025_ENOE_V01_M_V07_A_GLD_ALL,p2d7,p50_w,7.0,yes
MEX_2025_ENOE_V01_M_V07_A_GLD_ALL,p2d7,p75_w,7.0,yes
MEX_2025_ENOE_V01_M_V07_A_GLD_ALL,p2d7,p90_w,7.0,yes
MEX_2025_ENOE_V01_M_V07_A_GLD_ALL,p2d7,p95_w,7.0,yes
MEX_2025_ENOE_V01_M_V07_A_GLD_ALL,p2d7,p99_w,7.0,yes
MEX_2025_ENOE_V01_M_V07_A_GLD_ALL,p2d8,missing_share,0.9999362899688556,no
MEX_2025_ENOE_V01_M_V07_A_GLD_ALL,p2d8,non_missing_n,26.0,no
MEX_2025_ENOE_V01_M_V07_A_GLD_ALL,p2d8,zero_share,0.0,no
MEX_2025_ENOE_V01_M_V07_A_GLD_ALL,p2d8,mean,8.0,no
MEX_2025_ENOE_V01_M_V07_A_GLD_ALL,p2d8,sd,0.0,no
MEX_2025_ENOE_V01_M_V07_A_GLD_ALL,p2d8,max,8.0,no
MEX_2025_ENOE_V01_M_V07_A_GLD_ALL,p2d8,min,8.0,no
MEX_2025_ENOE_V01_M_V07_A_GLD_ALL,p2d8,num,26.0,no
MEX_2025_ENOE_V01_M_V07_A_GLD_ALL,p2d8,skewness,0.0,no
MEX_2025_ENOE_V01_M_V07_A_GLD_ALL,p2d8,kurtosis,0.0,no
MEX_2025_ENOE_V01_M_V07_A_GLD_ALL,p2d8,p01,8.0,no
MEX_2025_ENOE_V01_M_V07_A_GLD_ALL,p2d8,p05,8.0,no
MEX_2025_ENOE_V01_M_V07_A_GLD_ALL,p2d8,p10,8.0,no
MEX_2025_ENOE_V01_M_V07_A_GLD_ALL,p2d8,p25,8.0,no
MEX_2025_ENOE_V01_M_V07_A_GLD_ALL,p2d8,p50,8.0,no
MEX_2025_ENOE_V01_M_V07_A_GLD_ALL,p2d8,p75,8.0,no
MEX_2025_ENOE_V01_M_V07_A_GLD_ALL,p2d8,p90,8.0,no
MEX_2025_ENOE_V01_M_V07_A_GLD_ALL,p2d8,p95,8.0,no
MEX_2025_ENOE_V01_M_V07_A_GLD_ALL,p2d8,p99,8.0,no
MEX_2025_ENOE_V01_M_V07_A_GLD_ALL,p2d8,missing_share_w,0.9999614966896275,yes
MEX_2025_ENOE_V01_M_V07_A_GLD_ALL,p2d8,zero_share_w,0.0,yes
MEX_2025_ENOE_V01_M_V07_A_GLD_ALL,p2d8,mean_w,8.0,yes
MEX_2025_ENOE_V01_M_V07_A_GLD_ALL,p2d8,sd_w,0.0,yes
MEX_2025_ENOE_V01_M_V07_A_GLD_ALL,p2d8,p01_w,8.0,yes
MEX_2025_ENOE_V01_M_V07_A_GLD_ALL,p2d8,p05_w,8.0,yes
MEX_2025_ENOE_V01_M_V07_A_GLD_ALL,p2d8,p10_w,8.0,yes
MEX_2025_ENOE_V01_M_V07_A_GLD_ALL,p2d8,p25_w,8.0,yes
MEX_2025_ENOE_V01_M_V07_A_GLD_ALL,p2d8,p50_w,8.0,yes
MEX_2025_ENOE_V01_M_V07_A_GLD_ALL,p2d8,p75_w,8.0,yes
MEX_2025_ENOE_V01_M_V07_A_GLD_ALL,p2d8,p90_w,8.0,yes
MEX_2025_ENOE_V01_M_V07_A_GLD_ALL,p2d8,p95_w,8.0,yes
MEX_2025_ENOE_V01_M_V07_A_GLD_ALL,p2d8,p99_w,8.0,yes
MEX_2025_ENOE_V01_M_V07_A_GLD_ALL,p2d9,missing_share,0.9982700276158482,no
MEX_2025_ENOE_V01_M_V07_A_GLD_ALL,p2d9,non_missing_n,706.0,no
MEX_2025_ENOE_V01_M_V07_A_GLD_ALL,p2d9,zero_share,0.0,no
MEX_2025_ENOE_V01_M_V07_A_GLD_ALL,p2d9,mean,9.0,no
MEX_2025_ENOE_V01_M_V07_A_GLD_ALL,p2d9,sd,0.0,no
MEX_2025_ENOE_V01_M_V07_A_GLD_ALL,p2d9,max,9.0,no
MEX_2025_ENOE_V01_M_V07_A_GLD_ALL,p2d9,min,9.0,no
MEX_2025_ENOE_V01_M_V07_A_GLD_ALL,p2d9,num,706.0,no
MEX_2025_ENOE_V01_M_V07_A_GLD_ALL,p2d9,skewness,0.0,no
MEX_2025_ENOE_V01_M_V07_A_GLD_ALL,p2d9,kurtosis,0.0,no
MEX_2025_ENOE_V01_M_V07_A_GLD_ALL,p2d9,p01,9.0,no
MEX_2025_ENOE_V01_M_V07_A_GLD_ALL,p2d9,p05,9.0,no
MEX_2025_ENOE_V01_M_V07_A_GLD_ALL,p2d9,p10,9.0,no
MEX_2025_ENOE_V01_M_V07_A_GLD_ALL,p2d9,p25,9.0,no
MEX_2025_ENOE_V01_M_V07_A_GLD_ALL,p2d9,p50,9.0,no
MEX_2025_ENOE_V01_M_V07_A_GLD_ALL,p2d9,p75,9.0,no
MEX_2025_ENOE_V01_M_V07_A_GLD_ALL,p2d9,p90,9.0,no
MEX_2025_ENOE_V01_M_V07_A_GLD_ALL,p2d9,p95,9.0,no
MEX_2025_ENOE_V01_M_V07_A_GLD_ALL,p2d9,p99,9.0,no
MEX_2025_ENOE_V01_M_V07_A_GLD_ALL,p2d9,missing_share_w,0.9981406504096133,yes
MEX_2025_ENOE_V01_M_V07_A_GLD_ALL,p2d9,zero_share_w,0.0,yes
MEX_2025_ENOE_V01_M_V07_A_GLD_ALL,p2d9,mean_w,9.0,yes
MEX_2025_ENOE_V01_M_V07_A_GLD_ALL,p2d9,sd_w,0.0,yes
MEX_2025_ENOE_V01_M_V07_A_GLD_ALL,p2d9,p01_w,9.0,yes
MEX_2025_ENOE_V01_M_V07_A_GLD_ALL,p2d9,p05_w,9.0,yes
MEX_2025_ENOE_V01_M_V07_A_GLD_ALL,p2d9,p10_w,9.0,yes
MEX_2025_ENOE_V01_M_V07_A_GLD_ALL,p2d9,p25_w,9.0,yes
MEX_2025_ENOE_V01_M_V07_A_GLD_ALL,p2d9,p50_w,9.0,yes
MEX_2025_ENOE_V01_M_V07_A_GLD_ALL,p2d9,p75_w,9.0,yes
MEX_2025_ENOE_V01_M_V07_A_GLD_ALL,p2d9,p90_w,9.0,yes
MEX_2025_ENOE_V01_M_V07_A_GLD_ALL,p2d9,p95_w,9.0,yes
MEX_2025_ENOE_V01_M_V07_A_GLD_ALL,p2d9,p99_w,9.0,yes
MEX_2025_ENOE_V01_M_V07_A_GLD_ALL,p2d10,missing_share,0.9999681449844278,no
MEX_2025_ENOE_V01_M_V07_A_GLD_ALL,p2d10,non_missing_n,13.0,no
MEX_2025_ENOE_V01_M_V07_A_GLD_ALL,p2d10,zero_share,0.0,no
MEX_2025_ENOE_V01_M_V07_A_GLD_ALL,p2d10,mean,10.0,no
MEX_2025_ENOE_V01_M_V07_A_GLD_ALL,p2d10,sd,0.0,no
MEX_2025_ENOE_V01_M_V07_A_GLD_ALL,p2d10,max,10.0,no
MEX_2025_ENOE_V01_M_V07_A_GLD_ALL,p2d10,min,10.0,no
MEX_2025_ENOE_V01_M_V07_A_GLD_ALL,p2d10,num,13.0,no
MEX_2025_ENOE_V01_M_V07_A_GLD_ALL,p2d10,skewness,0.0,no
MEX_2025_ENOE_V01_M_V07_A_GLD_ALL,p2d10,kurtosis,0.0,no
MEX_2025_ENOE_V01_M_V07_A_GLD_ALL,p2d10,p01,10.0,no
MEX_2025_ENOE_V01_M_V07_A_GLD_ALL,p2d10,p05,10.0,no
MEX_2025_ENOE_V01_M_V07_A_GLD_ALL,p2d10,p10,10.0,no
MEX_2025_ENOE_V01_M_V07_A_GLD_ALL,p2d10,p25,10.0,no
MEX_2025_ENOE_V01_M_V07_A_GLD_ALL,p2d10,p50,10.0,no
MEX_2025_ENOE_V01_M_V07_A_GLD_ALL,p2d10,p75,10.0,no
MEX_2025_ENOE_V01_M_V07_A_GLD_ALL,p2d10,p90,10.0,no
MEX_2025_ENOE_V01_M_V07_A_GLD_ALL,p2d10,p95,10.0,no
MEX_2025_ENOE_V01_M_V07_A_GLD_ALL,p2d10,p99,10.0,no
MEX_2025_ENOE_V01_M_V07_A_GLD_ALL,p2d10,missing_share_w,0.9999806033085534,yes
MEX_2025_ENOE_V01_M_V07_A_GLD_ALL,p2d10,zero_share_w,0.0,yes
MEX_2025_ENOE_V01_M_V07_A_GLD_ALL,p2d10,mean_w,10.0,yes
MEX_2025_ENOE_V01_M_V07_A_GLD_ALL,p2d10,sd_w,0.0,yes
MEX_2025_ENOE_V01_M_V07_A_GLD_ALL,p2d10,p01_w,10.0,yes
MEX_2025_ENOE_V01_M_V07_A_GLD_ALL,p2d10,p05_w,10.0,yes
MEX_2025_ENOE_V01_M_V07_A_GLD_ALL,p2d10,p10_w,10.0,yes
MEX_2025_ENOE_V01_M_V07_A_GLD_ALL,p2d10,p25_w,10.0,yes
MEX_2025_ENOE_V01_M_V07_A_GLD_ALL,p2d10,p50_w,10.0,yes
MEX_2025_ENOE_V01_M_V07_A_GLD_ALL,p2d10,p75_w,10.0,yes
MEX_2025_ENOE_V01_M_V07_A_GLD_ALL,p2d10,p90_w,10.0,yes
MEX_2025_ENOE_V01_M_V07_A_GLD_ALL,p2d10,p95_w,10.0,yes
MEX_2025_ENOE_V01_M_V07_A_GLD_ALL,p2d10,p99_w,10.0,yes
MEX_2025_ENOE_V01_M_V07_A_GLD_ALL,p2d11,missing_share,0.9998456256937654,no
MEX_2025_ENOE_V01_M_V07_A_GLD_ALL,p2d11,non_missing_n,63.0,no
MEX_2025_ENOE_V01_M_V07_A_GLD_ALL,p2d11,zero_share,0.0,no
MEX_2025_ENOE_V01_M_V07_A_GLD_ALL,p2d11,mean,11.0,no
MEX_2025_ENOE_V01_M_V07_A_GLD_ALL,p2d11,sd,0.0,no
MEX_2025_ENOE_V01_M_V07_A_GLD_ALL,p2d11,max,11.0,no
MEX_2025_ENOE_V01_M_V07_A_GLD_ALL,p2d11,min,11.0,no
MEX_2025_ENOE_V01_M_V07_A_GLD_ALL,p2d11,num,63.0,no
MEX_2025_ENOE_V01_M_V07_A_GLD_ALL,p2d11,skewness,0.0,no
MEX_2025_ENOE_V01_M_V07_A_GLD_ALL,p2d11,kurtosis,0.0,no
MEX_2025_ENOE_V01_M_V07_A_GLD_ALL,p2d11,p01,11.0,no
MEX_2025_ENOE_V01_M_V07_A_GLD_ALL,p2d11,p05,11.0,no
MEX_2025_ENOE_V01_M_V07_A_GLD_ALL,p2d11,p10,11.0,no
MEX_2025_ENOE_V01_M_V07_A_GLD_ALL,p2d11,p25,11.0,no
MEX_2025_ENOE_V01_M_V07_A_GLD_ALL,p2d11,p50,11.0,no
MEX_2025_ENOE_V01_M_V07_A_GLD_ALL,p2d11,p75,11.0,no
MEX_2025_ENOE_V01_M_V07_A_GLD_ALL,p2d11,p90,11.0,no
MEX_2025_ENOE_V01_M_V07_A_GLD_ALL,p2d11,p95,11.0,no
MEX_2025_ENOE_V01_M_V07_A_GLD_ALL,p2d11,p99,11.0,no
MEX_2025_ENOE_V01_M_V07_A_GLD_ALL,p2d11,missing_share_w,0.9998516355391753,yes
MEX_2025_ENOE_V01_M_V07_A_GLD_ALL,p2d11,zero_share_w,0.0,yes
MEX_2025_ENOE_V01_M_V07_A_GLD_ALL,p2d11,mean_w,11.0,yes
MEX_2025_ENOE_V01_M_V07_A_GLD_ALL,p2d11,sd_w,0.0,yes
MEX_2025_ENOE_V01_M_V07_A_GLD_ALL,p2d11,p01_w,11.0,yes
MEX_2025_ENOE_V01_M_V07_A_GLD_ALL,p2d11,p05_w,11.0,yes
MEX_2025_ENOE_V01_M_V07_A_GLD_ALL,p2d11,p10_w,11.0,yes
MEX_2025_ENOE_V01_M_V07_A_GLD_ALL,p2d11,p25_w,11.0,yes
MEX_2025_ENOE_V01_M_V07_A_GLD_ALL,p2d11,p50_w,11.0,yes
MEX_2025_ENOE_V01_M_V07_A_GLD_ALL,p2d11,p75_w,11.0,yes
MEX_2025_ENOE_V01_M_V07_A_GLD_ALL,p2d11,p90_w,11.0,yes
MEX_2025_ENOE_V01_M_V07_A_GLD_ALL,p2d11,p95_w,11.0,yes
MEX_2025_ENOE_V01_M_V07_A_GLD_ALL,p2d11,p99_w,11.0,yes
MEX_2025_ENOE_V01_M_V07_A_GLD_ALL,p2d99,missing_share,0.9998872822525907,no
MEX_2025_ENOE_V01_M_V07_A_GLD_ALL,p2d99,non_missing_n,46.0,no
MEX_2025_ENOE_V01_M_V07_A_GLD_ALL,p2d99,zero_share,0.0,no
MEX_2025_ENOE_V01_M_V07_A_GLD_ALL,p2d99,mean,99.0,no
MEX_2025_ENOE_V01_M_V07_A_GLD_ALL,p2d99,sd,0.0,no
MEX_2025_ENOE_V01_M_V07_A_GLD_ALL,p2d99,max,99.0,no
MEX_2025_ENOE_V01_M_V07_A_GLD_ALL,p2d99,min,99.0,no
MEX_2025_ENOE_V01_M_V07_A_GLD_ALL,p2d99,num,46.0,no
MEX_2025_ENOE_V01_M_V07_A_GLD_ALL,p2d99,skewness,0.0,no
MEX_2025_ENOE_V01_M_V07_A_GLD_ALL,p2d99,kurtosis,0.0,no
MEX_2025_ENOE_V01_M_V07_A_GLD_ALL,p2d99,p01,99.0,no
MEX_2025_ENOE_V01_M_V07_A_GLD_ALL,p2d99,p05,99.0,no
MEX_2025_ENOE_V01_M_V07_A_GLD_ALL,p2d99,p10,99.0,no
MEX_2025_ENOE_V01_M_V07_A_GLD_ALL,p2d99,p25,99.0,no
MEX_2025_ENOE_V01_M_V07_A_GLD_ALL,p2d99,p50,99.0,no
MEX_2025_ENOE_V01_M_V07_A_GLD_ALL,p2d99,p75,99.0,no
MEX_2025_ENOE_V01_M_V07_A_GLD_ALL,p2d99,p90,99.0,no
MEX_2025_ENOE_V01_M_V07_A_GLD_ALL,p2d99,p95,99.0,no
MEX_2025_ENOE_V01_M_V07_A_GLD_ALL,p2d99,p99,99.0,no
MEX_2025_ENOE_V01_M_V07_A_GLD_ALL,p2d99,missing_share_w,0.9999510388119094,yes
MEX_2025_ENOE_V01_M_V07_A_GLD_ALL,p2d99,zero_share_w,0.0,yes
MEX_2025_ENOE_V01_M_V07_A_GLD_ALL,p2d99,mean_w,99.0,yes
MEX_2025_ENOE_V01_M_V07_A_GLD_ALL,p2d99,sd_w,0.0,yes
MEX_2025_ENOE_V01_M_V07_A_GLD_ALL,p2d99,p01_w,99.0,yes
MEX_2025_ENOE_V01_M_V07_A_GLD_ALL,p2d99,p05_w,99.0,yes
MEX_2025_ENOE_V01_M_V07_A_GLD_ALL,p2d99,p10_w,99.0,yes
MEX_2025_ENOE_V01_M_V07_A_GLD_ALL,p2d99,p25_w,99.0,yes
MEX_2025_ENOE_V01_M_V07_A_GLD_ALL,p2d99,p50_w,99.0,yes
MEX_2025_ENOE_V01_M_V07_A_GLD_ALL,p2d99,p75_w,99.0,yes
MEX_2025_ENOE_V01_M_V07_A_GLD_ALL,p2d99,p90_w,99.0,yes
MEX_2025_ENOE_V01_M_V07_A_GLD_ALL,p2d99,p95_w,99.0,yes
MEX_2025_ENOE_V01_M_V07_A_GLD_ALL,p2d99,p99_w,99.0,yes
MEX_2025_ENOE_V01_M_V07_A_GLD_ALL,p6b2,missing_share,0.7022511694466294,no
MEX_2025_ENOE_V01_M_V07_A_GLD_ALL,p6b2,non_missing_n,121511.0,no
MEX_2025_ENOE_V01_M_V07_A_GLD_ALL,p6b2,zero_share,0.0,no
MEX_2025_ENOE_V01_M_V07_A_GLD_ALL,p6b2,mean,10947.714445605747,no
MEX_2025_ENOE_V01_M_V07_A_GLD_ALL,p6b2,sd,8824.521703571867,no
MEX_2025_ENOE_V01_M_V07_A_GLD_ALL,p6b2,max,250000.0,no
MEX_2025_ENOE_V01_M_V07_A_GLD_ALL,p6b2,min,8.0,no
MEX_2025_ENOE_V01_M_V07_A_GLD_ALL,p6b2,num,121511.0,no
MEX_2025_ENOE_V01_M_V07_A_GLD_ALL,p6b2,skewness,4.445024522316526,no
MEX_2025_ENOE_V01_M_V07_A_GLD_ALL,p6b2,kurtosis,48.05896833434668,no
MEX_2025_ENOE_V01_M_V07_A_GLD_ALL,p6b2,p01,800.0,no
MEX_2025_ENOE_V01_M_V07_A_GLD_ALL,p6b2,p05,1935.0,no
MEX_2025_ENOE_V01_M_V07_A_GLD_ALL,p6b2,p10,3010.0,no
MEX_2025_ENOE_V01_M_V07_A_GLD_ALL,p6b2,p25,6450.0,no
MEX_2025_ENOE_V01_M_V07_A_GLD_ALL,p6b2,p50,9030.0,no
MEX_2025_ENOE_V01_M_V07_A_GLD_ALL,p6b2,p75,12900.0,no
MEX_2025_ENOE_V01_M_V07_A_GLD_ALL,p6b2,p90,19350.0,no
MEX_2025_ENOE_V01_M_V07_A_GLD_ALL,p6b2,p95,25714.0,no
MEX_2025_ENOE_V01_M_V07_A_GLD_ALL,p6b2,p99,43000.0,no
MEX_2025_ENOE_V01_M_V07_A_GLD_ALL,p6b2,missing_share_w,0.7222250351623238,yes
MEX_2025_ENOE_V01_M_V07_A_GLD_ALL,p6b2,zero_share_w,0.0,yes
MEX_2025_ENOE_V01_M_V07_A_GLD_ALL,p6b2,mean_w,10582.722067402843,yes
MEX_2025_ENOE_V01_M_V07_A_GLD_ALL,p6b2,sd_w,8886.349671621096,yes
MEX_2025_ENOE_V01_M_V07_A_GLD_ALL,p6b2,p01_w,700.0,yes
MEX_2025_ENOE_V01_M_V07_A_GLD_ALL,p6b2,p05_w,1720.0,yes
MEX_2025_ENOE_V01_M_V07_A_GLD_ALL,p6b2,p10_w,2887.471813285497,yes
MEX_2025_ENOE_V01_M_V07_A_GLD_ALL,p6b2,p25_w,6000.0,yes
MEX_2025_ENOE_V01_M_V07_A_GLD_ALL,p6b2,p50_w,8600.0,yes
MEX_2025_ENOE_V01_M_V07_A_GLD_ALL,p6b2,p75_w,12900.0,yes
MEX_2025_ENOE_V01_M_V07_A_GLD_ALL,p6b2,p90_w,18000.0,yes
MEX_2025_ENOE_V01_M_V07_A_GLD_ALL,p6b2,p95_w,25000.0,yes
MEX_2025_ENOE_V01_M_V07_A_GLD_ALL,p6b2,p99_w,44000.0,yes
MEX_2025_ENOE_V01_M_V07_A_GLD_ALL,p6c,missing_share,0.850298579511344,no
MEX_2025_ENOE_V01_M_V07_A_GLD_ALL,p6c,non_missing_n,61093.0,no
MEX_2025_ENOE_V01_M_V07_A_GLD_ALL,p6c,zero_share,0.0,no
MEX_2025_ENOE_V01_M_V07_A_GLD_ALL,p6c,mean,4.883587317695972,no
MEX_2025_ENOE_V01_M_V07_A_GLD_ALL,p6c,sd,3.1591032115065194,no
MEX_2025_ENOE_V01_M_V07_A_GLD_ALL,p6c,max,9.0,no
MEX_2025_ENOE_V01_M_V07_A_GLD_ALL,p6c,min,1.0,no
MEX_2025_ENOE_V01_M_V07_A_GLD_ALL,p6c,num,61093.0,no
MEX_2025_ENOE_V01_M_V07_A_GLD_ALL,p6c,skewness,0.2492081539909122,no
MEX_2025_ENOE_V01_M_V07_A_GLD_ALL,p6c,kurtosis,-1.7004034019514502,no
MEX_2025_ENOE_V01_M_V07_A_GLD_ALL,p6c,p01,1.0,no
MEX_2025_ENOE_V01_M_V07_A_GLD_ALL,p6c,p05,1.0,no
MEX_2025_ENOE_V01_M_V07_A_GLD_ALL,p6c,p10,1.0,no
MEX_2025_ENOE_V01_M_V07_A_GLD_ALL,p6c,p25,2.0,no
MEX_2025_ENOE_V01_M_V07_A_GLD_ALL,p6c,p50,3.0,no
MEX_2025_ENOE_V01_M_V07_A_GLD_ALL,p6c,p75,8.0,no
MEX_2025_ENOE_V01_M_V07_A_GLD_ALL,p6c,p90,9.0,no
MEX_2025_ENOE_V01_M_V07_A_GLD_ALL,p6c,p95,9.0,no
MEX_2025_ENOE_V01_M_V07_A_GLD_ALL,p6c,p99,9.0,no
MEX_2025_ENOE_V01_M_V07_A_GLD_ALL,p6c,missing_share_w,0.8419373842892127,yes
MEX_2025_ENOE_V01_M_V07_A_GLD_ALL,p6c,zero_share_w,0.0,yes
MEX_2025_ENOE_V01_M_V07_A_GLD_ALL,p6c,mean_w,4.638224951373906,yes
MEX_2025_ENOE_V01_M_V07_A_GLD_ALL,p6c,sd_w,3.057022868988751,yes
MEX_2025_ENOE_V01_M_V07_A_GLD_ALL,p6c,p01_w,1.0,yes
MEX_2025_ENOE_V01_M_V07_A_GLD_ALL,p6c,p05_w,1.0,yes
MEX_2025_ENOE_V01_M_V07_A_GLD_ALL,p6c,p10_w,1.0,yes
MEX_2025_ENOE_V01_M_V07_A_GLD_ALL,p6c,p25_w,2.0,yes
MEX_2025_ENOE_V01_M_V07_A_GLD_ALL,p6c,p50_w,3.0,yes
MEX_2025_ENOE_V01_M_V07_A_GLD_ALL,p6c,p75_w,8.0,yes
MEX_2025_ENOE_V01_M_V07_A_GLD_ALL,p6c,p90_w,9.0,yes
MEX_2025_ENOE_V01_M_V07_A_GLD_ALL,p6c,p95_w,9.0,yes
MEX_2025_ENOE_V01_M_V07_A_GLD_ALL,p6c,p99_w,9.0,yes
MEX_2025_ENOE_V01_M_V07_A_GLD_ALL,tamh,missing_share,0.0,no
MEX_2025_ENOE_V01_M_V07_A_GLD_ALL,tamh,non_missing_n,408099.0,no
MEX_2025_ENOE_V01_M_V07_A_GLD_ALL,tamh,zero_share,0.0,no
MEX_2025_ENOE_V01_M_V07_A_GLD_ALL,tamh,mean,4.117380831611937,no
MEX_2025_ENOE_V01_M_V07_A_GLD_ALL,tamh,sd,1.8281744941476015,no
MEX_2025_ENOE_V01_M_V07_A_GLD_ALL,tamh,max,21.0,no
MEX_2025_ENOE_V01_M_V07_A_GLD_ALL,tamh,min,1.0,no
MEX_2025_ENOE_V01_M_V07_A_GLD_ALL,tamh,num,408099.0,no
MEX_2025_ENOE_V01_M_V07_A_GLD_ALL,tamh,skewness,1.0580857920149485,no
MEX_2025_ENOE_V01_M_V07_A_GLD_ALL,tamh,kurtosis,2.942285790497516,no
MEX_2025_ENOE_V01_M_V07_A_GLD_ALL,tamh,p01,1.0,no
MEX_2025_ENOE_V01_M_V07_A_GLD_ALL,tamh,p05,2.0,no
MEX_2025_ENOE_V01_M_V07_A_GLD_ALL,tamh,p10,2.0,no
MEX_2025_ENOE_V01_M_V07_A_GLD_ALL,tamh,p25,3.0,no
MEX_2025_ENOE_V01_M_V07_A_GLD_ALL,tamh,p50,4.0,no
MEX_2025_ENOE_V01_M_V07_A_GLD_ALL,tamh,p75,5.0,no
MEX_2025_ENOE_V01_M_V07_A_GLD_ALL,tamh,p90,6.0,no
MEX_2025_ENOE_V01_M_V07_A_GLD_ALL,tamh,p95,7.0,no
MEX_2025_ENOE_V01_M_V07_A_GLD_ALL,tamh,p99,10.0,no
MEX_2025_ENOE_V01_M_V07_A_GLD_ALL,tamh,missing_share_w,0.0,yes
MEX_2025_ENOE_V01_M_V07_A_GLD_ALL,tamh,zero_share_w,0.0,yes
MEX_2025_ENOE_V01_M_V07_A_GLD_ALL,tamh,mean_w,4.160844930260955,yes
MEX_2025_ENOE_V01_M_V07_A_GLD_ALL,tamh,sd_w,1.8481082643018247,yes
MEX_2025_ENOE_V01_M_V07_A_GLD_ALL,tamh,p01_w,1.0,yes
MEX_2025_ENOE_V01_M_V07_A_GLD_ALL,tamh,p05_w,2.0,yes
MEX_2025_ENOE_V01_M_V07_A_GLD_ALL,tamh,p10_w,2.0,yes
MEX_2025_ENOE_V01_M_V07_A_GLD_ALL,tamh,p25_w,3.0,yes
MEX_2025_ENOE_V01_M_V07_A_GLD_ALL,tamh,p50_w,4.0,yes
MEX_2025_ENOE_V01_M_V07_A_GLD_ALL,tamh,p75_w,5.0,yes
MEX_2025_ENOE_V01_M_V07_A_GLD_ALL,tamh,p90_w,6.0,yes
MEX_2025_ENOE_V01_M_V07_A_GLD_ALL,tamh,p95_w,7.0,yes
MEX_2025_ENOE_V01_M_V07_A_GLD_ALL,tamh,p99_w,10.0,yes
MEX_2025_ENOE_V01_M_V07_A_GLD_ALL,ingreso,missing_share,0.0,no
MEX_2025_ENOE_V01_M_V07_A_GLD_ALL,ingreso,non_missing_n,408099.0,no
MEX_2025_ENOE_V01_M_V07_A_GLD_ALL,ingreso,zero_share,0.18999066403005152,no
MEX_2025_ENOE_V01_M_V07_A_GLD_ALL,ingreso,mean,16160.580736536967,no
MEX_2025_ENOE_V01_M_V07_A_GLD_ALL,ingreso,sd,16244.530357350755,no
MEX_2025_ENOE_V01_M_V07_A_GLD_ALL,ingreso,max,400000.0,no
MEX_2025_ENOE_V01_M_V07_A_GLD_ALL,ingreso,min,0.0,no
MEX_2025_ENOE_V01_M_V07_A_GLD_ALL,ingreso,num,408099.0,no
MEX_2025_ENOE_V01_M_V07_A_GLD_ALL,ingreso,skewness,2.531047142910734,no
MEX_2025_ENOE_V01_M_V07_A_GLD_ALL,ingreso,kurtosis,16.433961989829818,no
MEX_2025_ENOE_V01_M_V07_A_GLD_ALL,ingreso,p01,0.0,no
MEX_2025_ENOE_V01_M_V07_A_GLD_ALL,ingreso,p05,0.0,no
MEX_2025_ENOE_V01_M_V07_A_GLD_ALL,ingreso,p10,0.0,no
MEX_2025_ENOE_V01_M_V07_A_GLD_ALL,ingreso,p25,4300.0,no
MEX_2025_ENOE_V01_M_V07_A_GLD_ALL,ingreso,p50,12596.0,no
MEX_2025_ENOE_V01_M_V07_A_GLD_ALL,ingreso,p75,23005.0,no
MEX_2025_ENOE_V01_M_V07_A_GLD_ALL,ingreso,p90,35000.0,no
MEX_2025_ENOE_V01_M_V07_A_GLD_ALL,ingreso,p95,44900.0,no
MEX_2025_ENOE_V01_M_V07_A_GLD_ALL,ingreso,p99,72796.0,no
MEX_2025_ENOE_V01_M_V07_A_GLD_ALL,ingreso,missing_share_w,0.0,yes
MEX_2025_ENOE_V01_M_V07_A_GLD_ALL,ingreso,zero_share_w,0.19437010763591253,yes
MEX_2025_ENOE_V01_M_V07_A_GLD_ALL,ingreso,mean_w,15700.480313445954,yes
MEX_2025_ENOE_V01_M_V07_A_GLD_ALL,ingreso,sd_w,16447.032211157206,yes
MEX_2025_ENOE_V01_M_V07_A_GLD_ALL,ingreso,p01_w,0.0,yes
MEX_2025_ENOE_V01_M_V07_A_GLD_ALL,ingreso,p05_w,0.0,yes
MEX_2025_ENOE_V01_M_V07_A_GLD_ALL,ingreso,p10_w,0.0,yes
MEX_2025_ENOE_V01_M_V07_A_GLD_ALL,ingreso,p25_w,4182.0,yes
MEX_2025_ENOE_V01_M_V07_A_GLD_ALL,ingreso,p50_w,12546.0,yes
MEX_2025_ENOE_V01_M_V07_A_GLD_ALL,ingreso,p75_w,21694.0,yes
MEX_2025_ENOE_V01_M_V07_A_GLD_ALL,ingreso,p90_w,34400.0,yes
MEX_2025_ENOE_V01_M_V07_A_GLD_ALL,ingreso,p95_w,44390.0,yes
MEX_2025_ENOE_V01_M_V07_A_GLD_ALL,ingreso,p99_w,74000.0,yes
MEX_2025_ENOE_V01_M_V07_A_GLD_ALL,mv,missing_share,0.0,no
MEX_2025_ENOE_V01_M_V07_A_GLD_ALL,mv,non_missing_n,408099.0,no
MEX_2025_ENOE_V01_M_V07_A_GLD_ALL,mv,zero_share,0.8320407548168459,no
MEX_2025_ENOE_V01_M_V07_A_GLD_ALL,mv,mean,0.16795924518315408,no
MEX_2025_ENOE_V01_M_V07_A_GLD_ALL,mv,sd,0.373830549287122,no
MEX_2025_ENOE_V01_M_V07_A_GLD_ALL,mv,max,1.0,no
MEX_2025_ENOE_V01_M_V07_A_GLD_ALL,mv,min,0.0,no
MEX_2025_ENOE_V01_M_V07_A_GLD_ALL,mv,num,408099.0,no
MEX_2025_ENOE_V01_M_V07_A_GLD_ALL,mv,skewness,1.7764325719977705,no
MEX_2025_ENOE_V01_M_V07_A_GLD_ALL,mv,kurtosis,1.1557183467422791,no
MEX_2025_ENOE_V01_M_V07_A_GLD_ALL,mv,p01,0.0,no
MEX_2025_ENOE_V01_M_V07_A_GLD_ALL,mv,p05,0.0,no
MEX_2025_ENOE_V01_M_V07_A_GLD_ALL,mv,p10,0.0,no
MEX_2025_ENOE_V01_M_V07_A_GLD_ALL,mv,p25,0.0,no
MEX_2025_ENOE_V01_M_V07_A_GLD_ALL,mv,p50,0.0,no
MEX_2025_ENOE_V01_M_V07_A_GLD_ALL,mv,p75,0.0,no
MEX_2025_ENOE_V01_M_V07_A_GLD_ALL,mv,p90,1.0,no
MEX_2025_ENOE_V01_M_V07_A_GLD_ALL,mv,p95,1.0,no
MEX_2025_ENOE_V01_M_V07_A_GLD_ALL,mv,p99,1.0,no
MEX_2025_ENOE_V01_M_V07_A_GLD_ALL,mv,missing_share_w,0.0,yes
MEX_2025_ENOE_V01_M_V07_A_GLD_ALL,mv,zero_share_w,0.8414845963514541,yes
MEX_2025_ENOE_V01_M_V07_A_GLD_ALL,mv,mean_w,0.1585154036485459,yes
MEX_2025_ENOE_V01_M_V07_A_GLD_ALL,mv,sd_w,0.3652235896744411,yes
MEX_2025_ENOE_V01_M_V07_A_GLD_ALL,mv,p01_w,0.0,yes
MEX_2025_ENOE_V01_M_V07_A_GLD_ALL,mv,p05_w,0.0,yes
MEX_2025_ENOE_V01_M_V07_A_GLD_ALL,mv,p10_w,0.0,yes
MEX_2025_ENOE_V01_M_V07_A_GLD_ALL,mv,p25_w,0.0,yes
MEX_2025_ENOE_V01_M_V07_A_GLD_ALL,mv,p50_w,0.0,yes
MEX_2025_ENOE_V01_M_V07_A_GLD_ALL,mv,p75_w,0.0,yes
MEX_2025_ENOE_V01_M_V07_A_GLD_ALL,mv,p90_w,1.0,yes
MEX_2025_ENOE_V01_M_V07_A_GLD_ALL,mv,p95_w,1.0,yes
MEX_2025_ENOE_V01_M_V07_A_GLD_ALL,mv,p99_w,1.0,yes
MEX_2025_ENOE_V01_M_V07_A_GLD_ALL,lpt,missing_share,0.0,no
MEX_2025_ENOE_V01_M_V07_A_GLD_ALL,lpt,non_missing_n,408099.0,no
MEX_2025_ENOE_V01_M_V07_A_GLD_ALL,lpt,zero_share,0.0,no
MEX_2025_ENOE_V01_M_V07_A_GLD_ALL,lpt,mean,2354.715087890625,no
MEX_2025_ENOE_V01_M_V07_A_GLD_ALL,lpt,sd,230.3995819091797,no
MEX_2025_ENOE_V01_M_V07_A_GLD_ALL,lpt,max,2459.9599609375,no
MEX_2025_ENOE_V01_M_V07_A_GLD_ALL,lpt,min,1851.06005859375,no
MEX_2025_ENOE_V01_M_V07_A_GLD_ALL,lpt,num,408099.0,no
MEX_2025_ENOE_V01_M_V07_A_GLD_ALL,lpt,skewness,-1.7304625511169434,no
MEX_2025_ENOE_V01_M_V07_A_GLD_ALL,lpt,kurtosis,0.9945071339607239,no
MEX_2025_ENOE_V01_M_V07_A_GLD_ALL,lpt,p01,1851.06005859375,no
MEX_2025_ENOE_V01_M_V07_A_GLD_ALL,lpt,p05,1851.06005859375,no
MEX_2025_ENOE_V01_M_V07_A_GLD_ALL,lpt,p10,1851.06005859375,no
MEX_2025_ENOE_V01_M_V07_A_GLD_ALL,lpt,p25,2459.9599609375,no
MEX_2025_ENOE_V01_M_V07_A_GLD_ALL,lpt,p50,2459.9599609375,no
MEX_2025_ENOE_V01_M_V07_A_GLD_ALL,lpt,p75,2459.9599609375,no
MEX_2025_ENOE_V01_M_V07_A_GLD_ALL,lpt,p90,2459.9599609375,no
MEX_2025_ENOE_V01_M_V07_A_GLD_ALL,lpt,p95,2459.9599609375,no
MEX_2025_ENOE_V01_M_V07_A_GLD_ALL,lpt,p99,2459.9599609375,no
MEX_2025_ENOE_V01_M_V07_A_GLD_ALL,lpt,missing_share_w,0.0,yes
MEX_2025_ENOE_V01_M_V07_A_GLD_ALL,lpt,zero_share_w,0.0,yes
MEX_2025_ENOE_V01_M_V07_A_GLD_ALL,lpt,mean_w,2329.9608862414566,yes
MEX_2025_ENOE_V01_M_V07_A_GLD_ALL,lpt,sd_w,249.51285430889376,yes
MEX_2025_ENOE_V01_M_V07_A_GLD_ALL,lpt,p01_w,1851.06005859375,yes
MEX_2025_ENOE_V01_M_V07_A_GLD_ALL,lpt,p05_w,1851.06005859375,yes
MEX_2025_ENOE_V01_M_V07_A_GLD_ALL,lpt,p10_w,1851.06005859375,yes
MEX_2025_ENOE_V01_M_V07_A_GLD_ALL,lpt,p25_w,2459.9599609375,yes
MEX_2025_ENOE_V01_M_V07_A_GLD_ALL,lpt,p50_w,2459.9599609375,yes
MEX_2025_ENOE_V01_M_V07_A_GLD_ALL,lpt,p75_w,2459.9599609375,yes
MEX_2025_ENOE_V01_M_V07_A_GLD_ALL,lpt,p90_w,2459.9599609375,yes
MEX_2025_ENOE_V01_M_V07_A_GLD_ALL,lpt,p95_w,2459.9599609375,yes
MEX_2025_ENOE_V01_M_V07_A_GLD_ALL,lpt,p99_w,2459.9599609375,yes
MEX_2025_ENOE_V01_M_V07_A_GLD_ALL,pob,missing_share,0.16795924518315408,no
MEX_2025_ENOE_V01_M_V07_A_GLD_ALL,pob,non_missing_n,339555.0,no
MEX_2025_ENOE_V01_M_V07_A_GLD_ALL,pob,zero_share,0.5844047645301753,no
MEX_2025_ENOE_V01_M_V07_A_GLD_ALL,pob,mean,0.29762483250136207,no
MEX_2025_ENOE_V01_M_V07_A_GLD_ALL,pob,sd,0.45721429026563837,no
MEX_2025_ENOE_V01_M_V07_A_GLD_ALL,pob,max,1.0,no
MEX_2025_ENOE_V01_M_V07_A_GLD_ALL,pob,min,0.0,no
MEX_2025_ENOE_V01_M_V07_A_GLD_ALL,pob,num,339555.0,no
MEX_2025_ENOE_V01_M_V07_A_GLD_ALL,pob,skewness,0.8852582424320601,no
MEX_2025_ENOE_V01_M_V07_A_GLD_ALL,pob,kurtosis,-1.216325008470496,no
MEX_2025_ENOE_V01_M_V07_A_GLD_ALL,pob,p01,0.0,no
MEX_2025_ENOE_V01_M_V07_A_GLD_ALL,pob,p05,0.0,no
MEX_2025_ENOE_V01_M_V07_A_GLD_ALL,pob,p10,0.0,no
MEX_2025_ENOE_V01_M_V07_A_GLD_ALL,pob,p25,0.0,no
MEX_2025_ENOE_V01_M_V07_A_GLD_ALL,pob,p50,0.0,no
MEX_2025_ENOE_V01_M_V07_A_GLD_ALL,pob,p75,1.0,no
MEX_2025_ENOE_V01_M_V07_A_GLD_ALL,pob,p90,1.0,no
MEX_2025_ENOE_V01_M_V07_A_GLD_ALL,pob,p95,1.0,no
MEX_2025_ENOE_V01_M_V07_A_GLD_ALL,pob,p99,1.0,no
MEX_2025_ENOE_V01_M_V07_A_GLD_ALL,pob,missing_share_w,0.1585154036485459,yes
MEX_2025_ENOE_V01_M_V07_A_GLD_ALL,pob,zero_share_w,0.570060067072553,yes
MEX_2025_ENOE_V01_M_V07_A_GLD_ALL,pob,mean_w,0.3225543645786929,yes
MEX_2025_ENOE_V01_M_V07_A_GLD_ALL,pob,sd_w,0.46745379073222687,yes
MEX_2025_ENOE_V01_M_V07_A_GLD_ALL,pob,p01_w,0.0,yes
MEX_2025_ENOE_V01_M_V07_A_GLD_ALL,pob,p05_w,0.0,yes
MEX_2025_ENOE_V01_M_V07_A_GLD_ALL,pob,p10_w,0.0,yes
MEX_2025_ENOE_V01_M_V07_A_GLD_ALL,pob,p25_w,0.0,yes
MEX_2025_ENOE_V01_M_V07_A_GLD_ALL,pob,p50_w,0.0,yes
MEX_2025_ENOE_V01_M_V07_A_GLD_ALL,pob,p75_w,1.0,yes
MEX_2025_ENOE_V01_M_V07_A_GLD_ALL,pob,p90_w,1.0,yes
MEX_2025_ENOE_V01_M_V07_A_GLD_ALL,pob,p95_w,1.0,yes
MEX_2025_ENOE_V01_M_V07_A_GLD_ALL,pob,p99_w,1.0,yes
